,Ingredient,id,cal/g,fat(g),carb(g),protein(g),vit_a,vit_c,iron,trans_fat,sat_fat,cholesterol,sodium,carbs,fiber,sugars,calcium,protein,energy,fdcID
0,agave nectar,151,3.1,0.005,0.76,0.001,0.0,0.0,0.0,0.0,0.0,0.0,0.0,0.0,0.0,0.0,0.0,0.0,0.0,0.0
1,alcohol,64,0.431,0.0,0.036,0.005,0.0,0.0,0.0,0.0,0.0,0.0,0.0,0.0,0.0,0.0,0.0,0.0,0.0,0.0
2,alfalfa,93,0.29,0.007,0.038,0.04,0.0,0.0,0.0,0.0,0.0,0.0,0.0,0.0,0.0,0.0,0.0,0.0,0.0,0.0
3,almond butter,171,6.086,0.555,0.187,0.209,0.0,0.0,0.0,0.0,0.0,0.0,0.0,0.0,0.0,0.0,0.0,0.0,0.0,0.0
4,almond milk,476,0.23,0.01,0.032,0.004,0.0,0.0,0.0,0.0,0.0,0.0,0.0,0.0,0.0,0.0,0.0,0.0,0.0,0.0
5,almonds,77,5.781,0.495,0.227,0.224,0.0,0.0,1.48,0.0,0.008299595141700405,0.0,0.0,8.22,0.01659919028340081,0.011093117408906884,0.44534412955465585,0.03327935222672065,247.0,2045940.0
6,american cheese,465,3.12,0.23,0.088,0.17,0.0,0.0,0.0,0.0,0.0,0.0,0.0,0.0,0.0,0.0,0.0,0.0,0.0,0.0
7,anchovies,439,2.1,0.097,0.0,0.29,0.0,0.0,2.4,0.0,0.0,80.0,35.131736526946106,0.0,0.0,0.0,1.598802395209581,0.11976047904191617,167.0,1850783.0
8,apple,54,0.52,0.002,0.14,0.003,0.0,0.0,0.0,0.0,0.0,0.0,0.0,0.0,0.0,0.0,0.0,0.0,0.0,0.0
9,apple cider,159,0.462,0.001,0.113,0.001,0.0,0.0,0.0,0.0,0.0,0.0,0.0,0.0,0.0,0.0,0.0,0.0,0.0,0.0
10,apple juice,85,0.46,0.001,0.11,0.001,0.0,0.0,0.0,0.0,0.0,0.0,0.0,0.0,0.0,0.0,0.0,0.0,0.0,0.0
11,apple pie,175,2.367,0.11,0.345,0.018,0.0,0.0,0.0,0.0,0.0,0.0,0.0,0.0,0.0,0.0,0.0,0.0,0.0,0.0
12,applesauce,503,0.68,0.002,0.17,0.002,0.0,0.0,0.0,0.0,0.0,0.0,0.0,0.0,0.0,0.0,0.0,0.0,0.0,0.0
13,apricots,430,0.48,0.004,0.11,0.014,167.0,0.0,4.8,0.0,0.0,0.0,0.043333333333333335,73.33,0.03333333333333333,0.21109999999999998,0.44333333333333336,0.0111,300.0,2388807.0
14,artic char,24,1.54,0.081,0.0,0.2,0.0,0.0,0.0,0.0,0.0,0.0,0.0,0.0,0.0,0.0,0.0,0.0,0.0,0.0
15,artichokes,95,0.47,0.002,0.11,0.033,0.0,0.0,0.0,0.0,0.0,0.0,0.0,0.0,0.0,0.0,0.0,0.0,0.0,0.0
16,arugula,515,0.25,0.007,0.037,0.026,2353.0,0.5875,1.27,0.0,0.0,0.0,1.2083333333333333,3.53,0.049999999999999996,0.09791666666666667,7.333333333333333,0.09791666666666667,24.0,2071611.0
17,asparagus,14,0.204,0.001,0.039,0.022,0.0,0.0,0.0,0.0,0.0,0.0,0.0,0.0,0.0,0.0,0.0,0.0,0.0,0.0
18,avocado,42,1.6,0.15,0.09,0.02,0.0,0.0,0.0,0.0,0.01,0.0,0.0,10.0,0.040119760479041915,0.0,0.0,0.019940119760479044,167.0,2425060.0
19,baby carrots,347,0.41,0.002,0.1,0.009,0.0,0.0,0.0,0.0,0.0,0.0,0.0,0.0,0.0,0.0,0.0,0.0,0.0,0.0
20,bacon,4,5.41,0.42,0.014,0.37,0.0,0.0,0.0,0.0,0.0,0.0,0.0,0.0,0.0,0.0,0.0,0.0,0.0,0.0
21,bagels,264,2.5,0.015,0.49,0.101,0.0,0.0,0.0,0.0,0.0,0.0,0.0,0.0,0.0,0.0,0.0,0.0,0.0,0.0
22,baked beans,246,1.529,0.05,0.216,0.057,0.0,0.0,0.0,0.0,0.0,0.0,0.0,0.0,0.0,0.0,0.0,0.0,0.0,0.0
23,baked potatoes,464,0.93,0.001,0.21,0.025,0.0,0.0,0.0,0.0,0.0,0.0,0.0,0.0,0.0,0.0,0.0,0.0,0.0,0.0
24,balsamic vinegar,546,0.88,0.0,0.17,0.005,0.0,0.0,0.0,0.0,0.0,0.0,0.0,0.0,0.0,0.0,0.0,0.0,0.0,0.0
25,banana,55,0.89,0.003,0.23,0.011,0.0,0.0,0.0,0.0,0.0,0.0,0.0,0.0,0.0,0.0,0.0,0.0,0.0,0.0
26,banana with peel,536,0.556,0.002,0.144,0.007,0.0,0.0,0.0,0.0,0.0,0.0,0.0,0.0,0.0,0.0,0.0,0.0,0.0,0.0
27,barbecue sauce,110,1.72,0.006,0.41,0.008,0.0,0.0,0.0,0.0,0.0,0.0,0.0,0.0,0.0,0.0,0.0,0.0,0.0,0.0
28,barley,456,1.23,0.004,0.28,0.023,0.0,0.0,0.0,0.0,0.0,0.0,0.0,23.89,0.008490566037735849,0.01669811320754717,0.0,0.01669811320754717,106.0,2439195.0
29,basil,521,0.24,0.0,0.02,0.04,0.0,0.0,0.0,0.0,0.0,0.0,0.0,0.0,0.0,0.0,0.0,0.0,0.0,1485010.0
30,bean sprouts,44,0.3,0.002,0.059,0.03,0.0,0.0,0.0,0.0,0.0,0.0,0.0,0.0,0.0,0.0,0.0,0.0,0.0,0.0
31,bean(seed) ,63,1.4,0.006,0.24,0.09,0.0,0.0,0.0,0.0,0.0,0.0,0.0,0.0,0.0,0.0,0.0,0.0,0.0,0.0
32,beef,25,2.5,0.15,0.0,0.26,0.0,0.0,4.82,0.0,0.035679999999999996,54.0,1.712,0.0,0.0,0.0,0.0,0.15712,125.0,2038522.0
33,beer,278,0.431,0.0,0.036,0.005,0.0,0.0,0.0,0.0,0.0,0.0,0.0,0.0,0.0,0.0,0.0,0.0,0.0,0.0
34,beets,463,0.44,0.002,0.1,0.017,0.0,0.0,0.0,0.0,0.0,0.0,6.303030303030303,6.67,0.024242424242424242,0.15151515151515152,0.0,0.02515151515151515,33.0,1861258.0
35,bell peppers,33,0.4,0.002,0.09,0.02,353.0,4.311111111111111,0.42,0.0,0.0,0.0,0.0,4.71,0.06666666666666667,0.13055555555555556,0.0,0.06555555555555555,18.0,2079108.0
36,berries,13,0.57,0.003,0.14,0.007,0.0,0.0,0.0,0.0,0.0,0.0,0.0,0.0,0.0,0.0,0.0,0.0,0.0,0.0
37,biscuits,134,3.525,0.162,0.447,0.07,0.0,0.0,0.0,0.0,0.0,0.0,0.0,0.0,0.0,0.0,0.0,0.0,0.0,0.0
38,bison,145,1.79,0.08,0.0,0.25,0.0,0.0,0.0,0.0,0.0,0.0,0.0,0.0,0.0,0.0,0.0,0.0,0.0,0.0
39,black beans,320,1.32,0.005,0.237,0.089,0.0,0.0,1.54,0.0,0.0,0.0,1.1294117647058823,15.38,0.07294117647058823,0.0,0.36470588235294116,0.06329411764705882,85.0,725322.0
40,blackberries,41,0.43,0.005,0.092,0.014,0.0,0.0,0.0,0.0,0.0,0.0,0.0,0.0,0.0,0.0,0.0,0.0,0.0,0.0
41,blue cheese,35,3.53,0.29,0.023,0.21,0.0,0.0,0.0,0.0,0.0,0.0,0.0,0.0,0.0,0.0,0.0,0.0,0.0,0.0
42,blueberries,201,0.572,0.003,0.144,0.007,0.0,0.0,0.0,0.0,0.0,0.0,0.0,0.0,0.0,0.0,0.0,0.0,0.0,0.0
43,blueberry pie,247,2.456,0.119,0.33,0.027,0.0,0.0,0.0,0.0,0.0,0.0,0.0,0.0,0.0,0.0,0.0,0.0,0.0,0.0
44,bok choy,525,0.13,0.002,0.022,0.015,0.0,3.4692307692307693,0.88,0.0,0.0,0.0,5.076923076923077,1.77,0.06923076923076923,0.06769230769230769,8.153846153846153,0.13615384615384615,13.0,2178962.0
45,bologna,229,2.452,0.206,0.007,0.151,0.0,0.0,0.0,0.0,0.0,0.0,0.0,0.0,0.0,0.0,0.0,0.0,0.0,0.0
46,brazil nuts,218,6.574,0.663,0.121,0.142,0.0,0.0,0.0,0.0,0.0,0.0,0.0,0.0,0.0,0.0,0.0,0.0,0.0,0.0
47,bread,19,2.654,0.042,0.423,0.135,0.0,0.0,0.0,0.0,0.0,0.0,2.4246575342465753,32.14,0.024657534246575342,0.0,0.0,0.024452054794520547,146.0,2058078.0
48,bread crumbs,174,3.95,0.051,0.713,0.132,0.0,0.0,0.0,0.0,0.0,0.0,0.0,0.0,0.0,0.0,0.0,0.0,0.0,0.0
49,breadsticks,198,4.083,0.092,0.691,0.123,0.0,0.0,0.0,0.0,0.0,0.0,0.0,0.0,0.0,0.0,0.0,0.0,0.0,0.0
50,brie cheese,84,3.334,0.28,0.005,0.21,0.0,0.0,0.0,0.0,0.0,0.0,0.0,0.0,0.0,0.0,0.0,0.0,0.0,0.0
51,brisket,76,1.552,0.072,0.0,0.21,0.0,0.0,0.0,0.0,0.0,0.0,0.0,0.0,0.0,0.0,0.0,0.0,0.0,0.0
52,broccoli,27,0.35,0.004,0.07,0.024,203.0,2.623529411764706,0.73,0.0,0.0,0.0,1.588235294117647,5.41,0.058823529411764705,0.03970588235294118,1.2058823529411764,0.07941176470588236,34.0,539572.0
53,broth,252,2.64,0.147,0.185,0.165,0.0,0.0,0.0,0.0,0.0,0.0,0.0,0.0,0.0,0.0,0.0,0.0,0.0,0.0
54,brown rice,23,1.11,0.009,0.23,0.026,0.0,0.0,1.67,0.0,0.0,0.0,0.0,76.74,0.01346704871060172,0.0,0.1346704871060172,0.026647564469914044,349.0,360294.0
55,brown sugar,154,3.8,0.0,0.98,0.001,0.0,0.0,0.0,0.0,0.0,0.0,0.0,0.0,0.0,0.0,0.0,0.0,0.0,0.0
56,brownies,257,4.661,0.288,0.498,0.062,0.0,0.0,0.0,0.0,0.0,0.0,0.0,0.0,0.0,0.0,0.0,0.0,0.0,0.0
57,brussels sprouts,16,0.43,0.003,0.09,0.034,0.0,0.0,0.0,0.0,0.0,0.0,0.0,0.0,0.0,0.0,0.0,0.0,0.0,0.0
58,bulgur,153,3.42,0.013,0.76,0.12,0.0,0.0,1.64,0.0,0.0016715542521994133,0.0,0.03225806451612903,67.05,0.02346041055718475,0.0033431085043988265,0.13196480938416422,0.036656891495601175,341.0,2017935.0
59,buns,450,2.79,0.039,0.5,0.098,0.0,0.0,0.0,0.0,0.0,0.0,0.0,0.0,0.0,0.0,0.0,0.0,0.0,0.0
60,burgers,212,2.95,0.141,0.241,0.168,0.0,0.0,0.0,0.0,0.0,0.0,0.0,0.0,0.0,0.0,0.0,0.0,0.0,0.0
61,burritos,353,1.8,0.068,0.23,0.07,0.0,0.0,0.0,0.0,0.0,0.0,0.0,0.0,0.0,0.0,0.0,0.0,0.0,0.0
62,butter,441,7.17,0.81,0.001,0.008,0.0,0.0,0.0,0.0,0.0,0.0,0.0,0.0,0.0,0.0,0.0,0.0,0.0,0.0
63,buttermilk,200,0.402,0.009,0.048,0.033,0.0,0.0,0.0,0.0,0.0,0.0,0.0,0.0,0.0,0.0,0.0,0.0,0.0,0.0
64,cabbage,152,0.21,0.005,0.032,0.013,0.0,0.0,0.0,0.0,0.0,0.0,0.0,0.0,0.0,0.0,0.0,0.0,0.0,2308747.0
65,caesar dressing,140,0.441,0.021,0.043,0.032,0.0,0.0,0.0,0.0,0.0,0.0,0.0,0.0,0.0,0.0,0.0,0.0,0.0,0.0
66,caesar salad,6,0.44,0.021,0.043,0.032,0.0,0.0,0.0,0.0,0.0,0.0,0.0,0.0,0.0,0.0,0.0,0.0,0.0,0.0
67,cakes,486,3.91,0.18,0.56,0.03,0.0,0.0,0.0,0.0,0.0,0.0,0.0,0.0,0.0,0.0,0.0,0.0,0.0,0.0
68,calamari,227,1.751,0.07,0.081,0.178,0.0,0.0,0.0,0.0,0.0,0.0,0.0,0.0,0.0,0.0,0.0,0.0,0.0,0.0
69,calzones,352,3.08,0.21,0.13,0.16,0.0,0.0,0.0,0.0,0.0,0.0,0.0,0.0,0.0,0.0,0.0,0.0,0.0,0.0
70,camembert cheese,468,3.0,0.24,0.005,0.2,0.0,0.0,0.0,0.0,0.0,0.0,0.0,0.0,0.0,0.0,0.0,0.0,0.0,0.0
71,candies,387,3.94,0.002,0.98,0.0,0.0,0.0,0.0,0.0,0.0,0.0,0.0,0.0,0.0,0.0,0.0,0.0,0.0,0.0
72,cantaloupe,37,0.34,0.002,0.08,0.008,0.0,0.0,0.0,0.0,0.0,0.0,0.0,0.0,0.0,0.0,0.0,0.0,0.0,0.0
73,capers,496,0.23,0.009,0.049,0.024,0.0,0.0,0.0,0.0,0.0,0.0,0.0,0.0,0.0,0.0,0.0,0.0,0.0,0.0
74,cappuccino,449,0.42,0.016,0.042,0.026,0.0,0.0,0.0,0.0,0.0,0.0,0.0,0.0,0.0,0.0,0.0,0.0,0.0,0.0
75,carp,469,1.28,0.027,0.0,0.26,0.0,0.0,0.0,0.0,0.0,0.0,0.0,0.0,0.0,0.0,0.0,0.0,0.0,0.0
76,carrot,45,0.41,0.002,0.1,0.009,0.0,0.0,0.0,0.0,0.0,0.0,0.0,0.0,0.0,0.0,0.0,0.0,0.0,0.0
77,carrot cake,188,4.153,0.099,0.786,0.05,0.0,0.0,0.0,0.0,0.0,0.0,0.0,0.0,0.0,0.0,0.0,0.0,0.0,0.0
78,cashews,249,5.534,0.432,0.309,0.178,0.0,0.0,6.43,0.0,0.01563922942206655,0.0,0.3432574430823117,28.57,0.006304728546409808,0.012504378283712784,0.0,0.0312784588441331,571.0,2027526.0
79,catfish,378,1.44,0.072,0.0,0.18,70.0,0.008695652173913044,0.25,0.0,0.0076086956521739125,56.0,0.45652173913043476,0.0,0.0,0.0,0.15217391304347827,0.1760869565217391,92.0,1898975.0
80,cauliflower,7,0.25,0.003,0.05,0.018,0.0,0.0,0.59,0.0,0.0,0.0,1.0,4.71,0.09999999999999999,0.09791666666666667,1.0,0.09791666666666667,24.0,2409200.0
81,celery,34,0.16,0.002,0.034,0.007,182.0,0.5857142857142856,0.33,0.0,0.0,0.0,7.5,3.64,0.1285714285714286,0.13,2.5714285714285716,0.0,14.0,447185.0
82,celery root,528,0.42,0.003,0.092,0.015,0.0,0.0,0.0,0.0,0.0,0.0,0.0,0.0,0.0,0.0,0.0,0.0,0.0,0.0
83,cereal,415,3.76,0.067,0.73,0.12,0.0,0.0,0.0,0.0,0.0,0.0,0.0,0.0,0.0,0.0,0.0,0.0,0.0,0.0
84,cereal bars,459,3.42,0.009,0.78,0.059,0.0,0.0,0.0,0.0,0.0,0.0,0.0,0.0,0.0,0.0,0.0,0.0,0.0,0.0
85,challah,479,2.87,0.06,0.48,0.095,0.0,0.0,0.0,0.0,0.0,0.0,0.0,0.0,0.0,0.0,0.0,0.0,0.0,0.0
86,champagne,398,0.82,0.0,0.026,0.001,0.0,0.0,0.0,0.0,0.0,0.0,0.0,0.0,0.0,0.0,0.0,0.0,0.0,0.0
87,chard,517,0.19,0.002,0.037,0.018,0.0,0.0,1.82,0.0,0.012477064220183487,5.0,1.9174311926605505,10.91,0.01651376146788991,0.025045871559633028,0.42201834862385323,0.04174311926605504,109.0,2436240.0
88,chayote squash,529,0.24,0.005,0.051,0.006,0.0,0.0,0.0,0.0,0.0,0.0,0.0,0.0,0.0,0.0,0.0,0.0,0.0,0.0
89,cheddar cheese,290,4.019,0.33,0.013,0.248,0.0,0.0,0.0,0.0,0.0,0.0,0.0,0.0,0.0,0.0,0.0,0.0,0.0,0.0
90,cheese,52,4.02,0.33,0.013,0.25,0.0,0.0,0.0,0.0,0.0,0.0,0.0,0.0,0.0,0.0,0.0,0.0,0.0,0.0
91,cheese pizza,11,2.659,0.094,0.335,0.112,0.0,0.0,0.0,0.0,0.0,0.0,0.0,0.0,0.0,0.0,0.0,0.0,0.0,0.0
92,cheeseburgers,382,2.69,0.14,0.2,0.15,0.0,0.0,0.0,0.0,0.0,0.0,0.0,0.0,0.0,0.0,0.0,0.0,0.0,0.0
93,cheesecake,191,3.21,0.223,0.253,0.057,0.0,0.0,0.0,0.0,0.0,0.0,0.0,0.0,0.0,0.0,0.0,0.0,0.0,0.0
94,cherries,501,0.63,0.002,0.16,0.011,0.0,0.0,0.0,0.0,0.0,0.0,0.0,0.0,0.0,0.0,0.0,0.0,0.0,0.0
95,cherry pie,172,2.694,0.122,0.387,0.028,0.0,0.0,0.0,0.0,0.0,0.0,0.0,0.0,0.0,0.0,0.0,0.0,0.0,0.0
96,cherry tomatoes,471,0.18,0.002,0.039,0.009,0.0,0.0,0.0,0.0,0.0,0.0,0.0,0.0,0.0,0.0,0.0,0.0,0.0,0.0
97,chestnuts,173,1.308,0.014,0.281,0.021,0.0,0.20765306122448982,0.64,0.0,0.0,0.0,0.02040816326530612,42.86,0.0,0.0,0.1836734693877551,0.0,196.0,2385503.0
98,chia seeds,543,4.86,0.31,0.42,0.17,1786.0,0.03496932515337424,12.86,0.0,0.007300613496932515,0.0,0.03680981595092025,50.0,0.0803680981595092,0.0,1.460122699386503,0.029222903885480572,489.0,1918616.0
99,chicken,28,1.65,0.036,0.0,0.31,0.0,0.0,0.0,0.0,0.0,0.0,0.0,0.0,0.0,0.0,0.0,0.0,0.0,0.0
100,chicken apple sausage,510,1.6,0.1,0.03,0.14,0.0,0.0,0.0,0.0,0.0,0.0,0.0,0.0,0.0,0.0,0.0,0.0,0.0,0.0
101,chicken breast,244,1.652,0.036,0.0,0.311,0.0,0.0,0.0,0.0,0.0,0.0,0.0,0.0,0.0,0.0,0.0,0.0,0.0,0.0
102,chicken drumsticks,389,1.84,0.09,0.0,0.24,0.0,0.0,0.0,0.0,0.0,0.0,0.0,0.0,0.0,0.0,0.0,0.0,0.0,0.0
103,chicken nuggets,438,3.07,0.2,0.15,0.16,0.0,0.0,0.0,0.0,0.0,0.0,0.0,0.0,0.0,0.0,0.0,0.0,0.0,0.0
104,chicken salad,484,2.27,0.16,0.029,0.17,0.0,0.0,0.0,0.0,0.0,0.0,0.0,0.0,0.0,0.0,0.0,0.0,0.0,0.0
105,chicken soup,326,0.355,0.012,0.034,0.025,0.0,0.0,0.0,0.0,0.0,0.0,0.0,0.0,0.0,0.0,0.0,0.0,0.0,0.0
106,chicken thighs,155,1.772,0.083,0.0,0.239,0.0,0.0,0.0,0.0,0.0,0.0,0.0,0.0,0.0,0.0,0.0,0.0,0.0,0.0
107,chicken wings,418,3.28,0.24,0.098,0.17,0.0,0.0,0.0,0.0,0.0,0.0,0.0,0.0,0.0,0.0,0.0,0.0,0.0,0.0
108,chickpeas,187,1.64,0.026,0.27,0.09,0.0,0.0,1.15,0.0,0.0,0.0,1.8125,20.8,0.03125,0.00625,0.5,0.0625,128.0,2068232.0
109,chilaquiles,372,1.95,0.12,0.12,0.089,0.0,0.0,0.0,0.0,0.0,0.0,0.0,0.0,0.0,0.0,0.0,0.0,0.0,0.0
110,chili,203,0.4,0.004,0.089,0.018,0.0,0.0,0.0,0.0,0.0,0.0,0.0,0.0,0.0,0.0,0.0,0.0,0.0,0.0
111,chimichangas,277,2.441,0.112,0.249,0.112,0.0,0.0,0.0,0.0,0.0,0.0,0.0,0.0,0.0,0.0,0.0,0.0,0.0,0.0
112,chips,183,5.363,0.35,0.529,0.07,0.0,0.0,0.0,0.0,0.0,0.0,0.0,0.0,0.0,0.0,0.0,0.0,0.0,0.0
113,chive,527,0.3,0.007,0.044,0.033,0.0,0.0,0.0,0.0,0.0,0.0,0.0,0.0,0.0,0.0,0.0,0.0,0.0,0.0
114,chocolate,324,5.461,0.314,0.607,0.049,0.0,0.0,0.0,0.0,0.0,0.0,0.0,0.0,0.0,0.0,0.0,0.0,0.0,0.0
115,chocolate cake,276,3.707,0.15,0.534,0.052,0.0,0.0,0.0,0.0,0.0,0.0,0.0,0.0,0.0,0.0,0.0,0.0,0.0,0.0
116,chocolate chip cookies,303,4.874,0.281,0.569,0.058,0.0,0.0,0.0,0.0,0.0,0.0,0.0,0.0,0.0,0.0,0.0,0.0,0.0,0.0
117,chocolate milk,210,0.831,0.034,0.102,0.032,0.0,0.0,0.0,0.0,0.0,0.0,0.0,0.0,0.0,0.0,0.0,0.0,0.0,0.0
118,chow mein,160,4.611,0.184,0.676,0.108,0.0,0.0,0.0,0.0,0.0,0.0,0.0,0.0,0.0,0.0,0.0,0.0,0.0,0.0
119,chowders,164,0.99,0.062,0.076,0.031,0.0,0.0,0.0,0.0,0.0,0.0,0.0,0.0,0.0,0.0,0.0,0.0,0.0,0.0
120,chutney,414,1.2,0.08,0.1,0.05,0.0,0.0,0.0,0.0,0.0,0.0,0.0,0.0,0.0,0.0,0.0,0.0,0.0,0.0
121,cilantro,523,0.228,0.005,0.037,0.022,0.0,0.0,0.0,0.0,0.0,0.0,0.0,0.0,0.0,0.0,0.0,0.0,0.0,399147.0
122,clams,111,1.48,0.02,0.051,0.255,0.0,0.0,1.03,0.0,0.0,14.0,19.689655172413794,2.86,0.0,0.0,1.9655172413793103,0.19689655172413792,29.0,2094798.0
123,cobbler,391,1.99,0.063,0.35,0.02,0.0,0.0,0.0,0.0,0.0,0.0,0.0,0.0,0.0,0.0,0.0,0.0,0.0,0.0
124,cocoa,270,2.237,0.135,0.573,0.198,0.0,0.0,0.0,0.0,0.0,0.0,0.0,0.0,0.0,0.0,0.0,0.0,0.0,0.0
125,coconut milk,548,2.3,0.24,0.06,0.023,0.0,0.0,0.0,0.0,0.0,0.0,0.0,0.0,0.0,0.0,0.0,0.0,0.0,0.0
126,coconuts,267,3.537,0.333,0.152,0.033,0.0,0.0,0.0,0.0,0.0,0.0,0.0,0.0,0.0,0.0,0.0,0.0,0.0,0.0
127,cod,196,0.847,0.005,0.0,0.189,118.0,0.035,0.85,0.0,0.0059,32.0,4.18,5.29,0.006,0.0,0.35,0.1235,100.0,2099857.0
128,coffee,384,0.0,0.0,0.0,0.0,0.0,0.0,0.0,0.0,0.0,0.0,0.0,0.0,0.0,0.0,0.0,0.0,0.0,0.0
129,coffee creamer,436,1.32,0.099,0.112,0.01,0.0,0.0,0.0,0.0,0.0,0.0,0.0,0.0,0.0,0.0,0.0,0.0,0.0,0.0
130,colby cheese,157,3.94,0.313,0.025,0.243,0.0,0.0,0.0,0.0,0.0,0.0,0.0,0.0,0.0,0.0,0.0,0.0,0.0,0.0
131,coleslaw,87,1.523,0.097,0.148,0.01,0.0,0.0,0.0,0.0,0.0,0.0,0.0,0.0,0.0,0.0,0.0,0.0,0.0,0.0
132,collards,185,0.313,0.006,0.053,0.03,0.0,0.0,0.0,0.0,0.0,0.0,0.0,0.0,0.0,0.0,0.0,0.0,0.0,0.0
133,cookies,455,4.92,0.25,0.65,0.051,0.0,0.0,0.0,0.0,0.0,0.0,0.0,0.0,0.0,0.0,0.0,0.0,0.0,0.0
134,corn,47,0.96,0.015,0.21,0.034,0.0,0.0,0.0,0.0,0.0,0.0,4.285714285714286,12.8,0.014285714285714287,0.1142857142857143,0.05357142857142857,0.014285714285714287,56.0,2122593.0
135,corn chips,310,5.18,0.281,0.632,0.06,0.0,0.0,0.0,0.0,0.0,0.0,0.0,0.0,0.0,0.0,0.0,0.0,0.0,0.0
136,corn dogs,315,2.629,0.109,0.32,0.099,0.0,0.0,0.0,0.0,0.0,0.0,0.0,0.0,0.0,0.0,0.0,0.0,0.0,0.0
137,corn nuts,547,4.36,0.14,0.72,0.09,0.0,0.0,0.0,0.0,0.0,0.0,0.0,0.0,0.0,0.0,0.0,0.0,0.0,0.0
138,corn on the cob,205,1.061,0.024,0.22,0.031,0.0,0.0,0.0,0.0,0.0,0.0,0.0,0.0,0.0,0.0,0.0,0.0,0.0,0.0
139,corn starch,544,3.8,0.0005,0.914,0.003,0.0,0.0,0.0,0.0,0.0,0.0,0.0,0.0,0.0,0.0,0.0,0.0,0.0,0.0
140,cornbread,400,2.66,0.071,0.44,0.067,0.0,0.0,0.0,0.0,0.0,0.0,0.0,0.0,0.0,0.0,0.0,0.0,0.0,0.0
141,corned beef,259,2.508,0.19,0.005,0.179,0.0,0.0,0.0,0.0,0.0,0.0,0.0,0.0,0.0,0.0,0.0,0.0,0.0,0.0
142,cornmeal,228,3.7,0.018,0.793,0.07,0.0,0.0,0.86,0.0,0.0,0.0,0.0,80.95,0.006722689075630252,0.0,0.0,0.02,357.0,2096495.0
143,cottage cheese,1,0.98,0.043,0.034,0.11,0.0,0.0,0.0,0.0,0.0,0.0,0.0,0.0,0.0,0.0,0.0,0.0,0.0,0.0
144,country rice,534,1.5204,0.068,0.316,0.0386,0.0,0.0,0.0,0.0,0.0,0.0,0.0,0.0,0.0,0.0,0.0,0.0,0.0,0.0
145,couscous,472,1.12,0.002,0.23,0.038,0.0,0.0,0.0,0.0,0.0,0.0,0.0,0.0,0.0,0.0,0.0,0.0,0.0,0.0
146,crab,422,0.83,0.007,0.0,0.18,175.0,0.0,0.95,0.0,0.0,105.0,3.169491525423729,0.0,0.0,0.0,0.7457627118644068,0.1933050847457627,118.0,475600.0
147,crackers,355,5.1,0.26,0.61,0.066,0.0,0.0,5.0,0.0,0.02142,0.0,1.214,64.29,0.014199999999999999,0.01428,0.142,0.028579999999999998,500.0,575678.0
148,cranberries,473,0.46,0.001,0.12,0.005,0.0,0.0,0.0,0.0,0.0,0.0,0.0,0.0,0.0,0.0,0.0,0.0,0.0,0.0
149,cranberry juice,343,0.453,0.001,0.111,0.003,0.0,0.0,0.0,0.0,0.0,0.0,0.0,0.0,0.0,0.0,0.0,0.0,0.0,0.0
150,crawfish,123,0.77,0.01,0.0,0.16,0.0,0.0,0.0,0.0,0.0,0.0,0.0,0.0,0.0,0.0,0.0,0.0,0.0,0.0
151,cream,341,3.363,0.366,0.027,0.028,0.0,0.0,0.0,0.0,0.0,0.0,0.0,0.0,0.0,0.0,0.0,0.0,0.0,0.0
152,cream cheese,495,3.5,0.34,0.055,0.062,0.0,0.0,0.0,0.0,0.0,0.0,0.0,0.0,0.0,0.0,0.0,0.0,0.0,0.0
153,crepes,487,1.65,0.083,0.16,0.059,0.0,0.0,0.0,0.0,0.0,0.0,0.0,0.0,0.0,0.0,0.0,0.0,0.0,0.0
154,crispbread,443,3.66,0.013,0.82,0.079,0.0,0.0,0.0,0.0,0.0,0.0,0.0,0.0,0.0,0.0,0.0,0.0,0.0,0.0
155,croissants,132,4.062,0.212,0.459,0.08,0.0,0.0,0.0,0.0,0.0,0.0,0.0,0.0,0.0,0.0,0.0,0.0,0.0,0.0
156,croutons,306,4.081,0.067,0.723,0.12,0.0,0.0,0.0,0.0,0.0,0.0,0.0,0.0,0.0,0.0,0.0,0.0,0.0,0.0
157,cucumbers,31,0.1,0.0,0.02,0.01,0.0,0.0,0.0,0.0,0.0,0.0,0.0,0.0,0.0,0.0,0.0,0.0,0.0,0.0
158,cupcakes,272,3.055,0.036,0.672,0.042,0.0,0.0,0.0,0.0,0.0,0.0,0.0,0.0,0.0,0.0,0.0,0.0,0.0,0.0
159,curries,385,1.04,0.046,0.032,0.12,0.0,0.0,0.0,0.0,0.0,0.0,0.0,0.0,0.0,0.0,0.0,0.0,0.0,0.0
160,custard,239,1.175,0.04,0.172,0.04,0.0,0.0,0.0,0.0,0.0,0.0,0.0,0.0,0.0,0.0,0.0,0.0,0.0,0.0
161,dark chocolate,131,5.75,0.46,0.27,0.06,0.0,0.0,0.0,0.0,0.0,0.0,0.0,0.0,0.0,0.0,0.0,0.0,0.0,0.0
162,dates,444,2.82,0.004,0.75,0.025,0.0,0.0,0.0,0.0,0.0,0.0,0.0,0.0,0.0,0.0,0.0,0.0,0.0,0.0
163,deprecated,231,0.905,0.003,0.234,0.011,0.0,0.0,0.0,0.0,0.0,0.0,0.0,0.0,0.0,0.0,0.0,0.0,0.0,0.0
164,deprecated,453,0.52,0.002,0.003,0.14,0.0,0.0,0.0,0.0,0.0,0.0,0.0,0.0,0.0,0.0,0.0,0.0,0.0,0.0
165,deprecated,458,0.3,0.001,0.076,0.006,0.0,0.0,0.0,0.0,0.0,0.0,0.0,0.0,0.0,0.0,0.0,0.0,0.0,0.0
166,deprecated,470,0.93,0.001,0.21,0.025,0.0,0.0,0.0,0.0,0.0,0.0,0.0,0.0,0.0,0.0,0.0,0.0,0.0,0.0
167,donuts,368,4.21,0.23,0.48,0.061,0.0,0.0,0.0,0.0,0.0,0.0,0.0,0.0,0.0,0.0,0.0,0.0,0.0,0.0
168,duck,20,3.37,0.28,0.0,0.19,0.0,0.0,1.33,0.032119914346895075,0.0071306209850107065,0.0,2.284796573875803,66.67,0.007066381156316916,0.0,0.14346895074946467,0.014282655246252676,467.0,2404802.0
169,dumplings,371,2.3,0.054,0.39,0.062,0.0,0.0,0.0,0.0,0.0,0.0,0.0,0.0,0.0,0.0,0.0,0.0,0.0,0.0
170,edamame,281,1.22,0.051,0.098,0.11,0.0,0.0,2.12,0.0,0.0,0.0,0.05660377358490566,8.24,0.04433962264150944,0.02216981132075472,0.5566037735849056,0.09990566037735849,106.0,2406203.0
171,eel,386,2.36,0.15,0.0,0.24,0.0,0.0,0.0,0.0,0.0,0.0,0.0,0.0,0.0,0.0,0.0,0.0,0.0,0.0
172,egg rolls,139,1.966,0.045,0.287,0.102,0.0,0.0,0.0,0.0,0.0,0.0,0.0,0.0,0.0,0.0,0.0,0.0,0.0,0.0
173,egg salad,348,2.12,0.184,0.024,0.081,0.0,0.0,0.0,0.0,0.0,0.0,0.0,0.0,0.0,0.0,0.0,0.0,0.0,0.0
174,egg whites,128,0.52,0.002,0.007,0.1,0.0,0.0,0.0,0.0,0.0,0.0,0.0,0.0,0.0,0.0,0.0,0.0,0.0,0.0
175,egg yolks,300,3.228,0.267,0.036,0.159,0.0,0.0,0.0,0.0,0.0,0.0,0.0,0.0,0.0,0.0,0.0,0.0,0.0,0.0
176,eggnog,118,0.878,0.042,0.08,0.046,0.0,0.0,0.0,0.0,0.0,0.0,0.0,0.0,0.0,0.0,0.0,0.0,0.0,0.0
177,eggplant,335,0.248,0.002,0.059,0.01,0.0,0.060169491525423724,0.0,0.0,0.0060169491525423726,0.0,3.211864406779661,6.43,0.017796610169491526,0.051440677966101696,0.0,0.018135593220338985,118.0,2439909.0
178,eggs,179,1.555,0.105,0.012,0.125,0.0,0.0,0.0,0.0,0.0,0.0,0.0,0.0,0.0,0.0,0.0,0.0,0.0,0.0
179,empanadas,288,3.355,0.18,0.312,0.111,0.0,0.0,0.0,0.0,0.0,0.0,0.0,0.0,0.0,0.0,0.0,0.0,0.0,0.0
180,enchiladas,202,1.681,0.092,0.158,0.061,0.0,0.0,0.0,0.0,0.0,0.0,0.0,0.0,0.0,0.0,0.0,0.0,0.0,0.0
181,endive,530,0.17,0.002,0.034,0.013,0.0,0.0,1.18,0.0,0.0,0.0,0.6666666666666666,3.53,0.13333333333333333,0.06555555555555555,1.8333333333333333,0.06555555555555555,18.0,2406215.0
182,energy drinks,282,0.459,0.001,0.12,0.003,0.0,0.0,0.0,0.0,0.0,0.0,0.0,0.0,0.0,0.0,0.0,0.0,0.0,0.0
183,english muffins,301,2.355,0.018,0.458,0.078,0.0,0.0,0.0,0.0,0.0,0.0,0.0,0.0,0.0,0.0,0.0,0.0,0.0,0.0
184,fajitas,417,2.0,0.079,0.18,0.14,0.0,0.0,0.0,0.0,0.0,0.0,0.0,0.0,0.0,0.0,0.0,0.0,0.0,0.0
185,falafel,97,3.341,0.178,0.307,0.133,0.0,0.03333333333333333,2.57,0.0,0.02767441860465116,0.0,1.4651162790697674,12.5,0.0,0.0,0.5503875968992248,0.02767441860465116,129.0,2187951.0
186,fennel,550,0.31,0.002,0.07,0.012,0.0,0.0,1.8,0.0,0.010183299389002037,0.0,1.7148676171079429,67.86,0.004073319755600814,0.003991853360488799,0.054989816700611,0.016374745417515272,491.0,1916833.0
187,feta cheese,319,2.641,0.211,0.042,0.138,0.0,0.0,0.0,0.0,0.0,0.0,0.0,0.0,0.0,0.0,0.0,0.0,0.0,0.0
188,figs,70,2.75,0.0,0.65,0.025,0.0,0.0,0.0,0.0,0.0,0.0,0.04363636363636364,65.0,0.02727272727272727,0.16363636363636364,0.5163636363636364,0.00909090909090909,275.0,2437139.0
189,fish,49,0.9,0.13,0.0,0.184,0.0,0.0,0.0,0.0,0.0,0.0,0.0,0.0,0.0,0.0,0.0,0.0,0.0,0.0
190,fish oil,256,9.033,1.01,0.0,0.0,0.0,0.0,0.0,0.0,0.0,0.0,0.0,0.0,0.0,0.0,0.0,0.0,0.0,0.0
191,flatbread,481,2.75,0.012,0.56,0.091,0.0,0.0,0.0,0.0,0.0,0.0,0.0,0.0,0.0,0.0,0.0,0.0,0.0,0.0
192,flounder,317,0.703,0.019,0.0,0.124,0.0,0.0,0.0,0.0,0.0,0.0,0.0,0.0,0.0,0.0,0.0,0.0,0.0,0.0
193,flour,318,3.641,0.01,0.76,0.102,0.0,0.0,0.0,0.0,0.0,0.0,0.0,0.0,0.0,0.0,0.0,0.0,0.0,0.0
194,focaccia,298,2.496,0.079,0.355,0.089,0.0,0.0,0.0,0.0,0.0,0.0,0.0,0.0,0.0,0.0,0.0,0.0,0.0,0.0
195,french dressing,176,4.532,0.442,0.156,0.007,0.0,0.0,0.0,0.0,0.0,0.0,0.0,0.0,0.0,0.0,0.0,0.0,0.0,0.0
196,french fries,356,3.12,0.15,0.41,0.034,0.0,0.0,0.0,0.0,0.0,0.0,0.0,0.0,0.0,0.0,0.0,0.0,0.0,0.0
197,french toast,109,2.292,0.109,0.248,0.078,0.0,0.0,0.0,0.0,0.0,0.0,0.0,0.0,0.0,0.0,0.0,0.0,0.0,0.0
198,fried chicken,207,2.461,0.118,0.019,0.304,0.0,0.0,0.0,0.0,0.0,0.0,0.0,0.0,0.0,0.0,0.0,0.0,0.0,0.0
199,fried eggs,388,1.96,0.15,0.008,0.14,0.0,0.0,0.0,0.0,0.0,0.0,0.0,0.0,0.0,0.0,0.0,0.0,0.0,0.0
200,fried rice,194,1.577,0.022,0.299,0.047,0.0,0.0,0.0,0.0,0.0,0.0,0.0,0.0,0.0,0.0,0.0,0.0,0.0,0.0
201,fritters,369,2.76,0.2,0.2,0.046,0.0,0.0,0.0,0.0,0.0,0.0,0.0,0.0,0.0,0.0,0.0,0.0,0.0,0.0
202,frostings,230,4.217,0.163,0.686,0.0,0.0,0.0,0.0,0.0,0.0,0.0,0.0,0.0,0.0,0.0,0.0,0.0,0.0,0.0
203,frozen yogurt,275,1.633,0.059,0.245,0.041,0.0,0.0,0.0,0.0,0.0,0.0,0.0,0.0,0.0,0.0,0.0,0.0,0.0,0.0
204,fruit cocktail,403,0.73,0.001,0.19,0.004,0.0,0.0,0.0,0.0,0.0,0.0,0.0,0.0,0.0,0.0,0.0,0.0,0.0,0.0
205,fruit punch,69,0.45,0.0,0.125,0.0,0.0,0.0,0.0,0.0,0.0,0.0,0.0,0.0,0.0,0.0,0.0,0.0,0.0,0.0
206,fruit salad,375,0.59,0.003,0.15,0.008,0.0,0.0,0.0,0.0,0.0,0.0,0.0,0.0,0.0,0.0,0.0,0.0,0.0,0.0
207,fudge,305,4.114,0.103,0.762,0.024,0.0,0.0,0.0,0.0,0.0,0.0,0.0,0.0,0.0,0.0,0.0,0.0,0.0,0.0
208,garden salad,3,0.646,0.034,0.032,0.061,0.0,0.0,0.0,0.0,0.0,0.0,0.0,0.0,0.0,0.0,0.0,0.0,0.0,0.0
209,garlic,122,1.49,0.005,0.33,0.064,0.0,0.47904191616766467,0.0,0.0,0.0,0.0,0.0,33.33,0.0,0.0,3.9940119760479043,0.0,167.0,1662203.0
210,garlic bread,322,3.501,0.167,0.421,0.082,0.0,0.0,0.0,0.0,0.0,0.0,0.0,0.0,0.0,0.0,0.0,0.0,0.0,0.0
211,gelatin,120,0.618,0.0,0.141,0.012,0.0,0.0,0.0,0.0,0.0,0.0,0.0,0.0,0.0,0.0,0.0,0.0,0.0,0.0
212,ginger,540,0.8,0.008,0.18,0.018,0.0,0.0,0.0,0.0,0.0,0.0,2.0,75.0,0.0,0.0,0.0,0.0,125.0,2064396.0
213,gnocchi,429,2.01,0.012,0.41,0.06,0.0,0.0,0.0,0.0,0.0,0.0,0.0,0.0,0.0,0.0,0.0,0.0,0.0,0.0
214,goat cheese,425,2.64,0.21,0.0,0.19,0.0,0.0,0.0,0.0,0.0,0.0,0.0,0.0,0.0,0.0,0.0,0.0,0.0,0.0
215,gorgonzola cheese,394,3.53,0.29,0.023,0.21,0.0,0.0,0.0,0.0,0.0,0.0,0.0,0.0,0.0,0.0,0.0,0.0,0.0,0.0
216,gouda cheese,381,3.56,0.27,0.022,0.25,0.0,0.0,0.0,0.0,0.0,0.0,0.0,0.0,0.0,0.0,0.0,0.0,0.0,0.0
217,goulash,410,1.07,0.039,0.1,0.076,0.0,0.0,0.0,0.0,0.0,0.0,0.0,0.0,0.0,0.0,0.0,0.0,0.0,0.0
218,granola,294,4.693,0.204,0.647,0.1,0.0,0.0,0.0,0.0,0.0,0.0,0.0,0.0,0.0,0.0,0.0,0.0,0.0,0.0
219,granola bars,311,4.712,0.2,0.653,0.1,0.0,0.0,0.0,0.0,0.0,0.0,0.0,0.0,0.0,0.0,0.0,0.0,0.0,0.0
220,grape juice,65,0.67,0.004,0.17,0.006,0.0,0.0,0.0,0.0,0.0,0.0,0.0,0.0,0.0,0.0,0.0,0.0,0.0,0.0
221,grapefruit juice,166,0.389,0.001,0.091,0.005,0.0,0.0,0.0,0.0,0.0,0.0,0.0,0.0,0.0,0.0,0.0,0.0,0.0,0.0
222,grapefruits,68,0.42,0.001,0.11,0.008,0.0,0.0,0.0,0.0,0.0,0.0,0.0,0.0,0.0,0.0,0.0,0.0,0.0,0.0
223,grapes,440,0.69,0.002,0.18,0.007,0.0,0.0,0.0,0.0,0.0,0.0,0.0,0.0,0.0,0.0,0.0,0.0,0.0,0.0
224,gravy,170,0.791,0.059,0.052,0.02,0.0,0.0,0.0,0.0,0.0,0.0,0.0,0.0,0.0,0.0,0.0,0.0,0.0,0.0
225,greek salad,409,1.13,0.094,0.047,0.032,0.0,0.0,0.0,0.0,0.0,0.0,0.0,0.0,0.0,0.0,0.0,0.0,0.0,0.0
226,greek yogurt,545,0.59,0.004,0.036,0.1,0.0,0.0,0.0,0.0,0.0,0.0,0.0,0.0,0.0,0.0,0.0,0.0,0.0,0.0
227,green beans,43,0.31,0.001,0.07,0.018,0.0,0.0,0.0,0.0,0.0,0.0,0.0,0.0,0.0,0.0,0.0,0.0,0.0,0.0
228,green onions,535,0.32,0.002,0.07,0.018,0.0,0.0,0.0,0.0,0.0,0.0,0.0,0.0,0.0,0.0,0.0,0.0,0.0,0.0
229,green peas,186,0.774,0.004,0.136,0.05,449.0,0.08481012658227849,1.21,0.0,0.0,0.0,0.13924050632911392,12.36,0.056962025316455694,0.04265822784810127,0.0,0.07113924050632911,79.0,1887997.0
230,grilled chicken,105,2.262,0.149,0.001,0.226,0.0,0.0,0.0,0.0,0.0,0.0,0.0,0.0,0.0,0.0,0.0,0.0,0.0,0.0
231,grits,339,0.59,0.002,0.13,0.014,0.0,0.0,0.0,0.0,0.0,0.0,0.0,0.0,0.0,0.0,0.0,0.0,0.0,0.0
232,ground beef,66,3.321,0.295,0.0,0.142,0.0,0.0,0.0,0.0,0.0,0.0,0.0,0.0,0.0,0.0,0.0,0.0,0.0,0.0
233,ground chicken,416,1.89,0.11,0.0,0.23,0.0,0.0,0.0,0.0,0.0,0.0,0.0,0.0,0.0,0.0,0.0,0.0,0.0,0.0
234,ground pork,90,3.93,0.33,0.014,0.23,0.0,0.0,0.0,0.0,0.0,0.0,0.0,0.0,0.0,0.0,0.0,0.0,0.0,0.0
235,ground turkey,421,2.58,0.17,0.0,0.25,0.0,0.0,0.0,0.0,0.0,0.0,0.0,0.0,0.0,0.0,0.0,0.0,0.0,0.0
236,guacamole,22,2.0,0.171,0.086,0.029,0.0,0.0,0.0,0.0,0.0,0.0,0.0,0.0,0.0,0.0,0.0,0.0,0.0,0.0
237,gumbo,158,0.867,0.033,0.098,0.041,0.0,0.0,0.0,0.0,0.0,0.0,0.0,0.0,0.0,0.0,0.0,0.0,0.0,0.0
238,gyros,397,1.85,0.1,0.11,0.12,0.0,0.0,0.0,0.0,0.0,0.0,0.0,0.0,0.0,0.0,0.0,0.0,0.0,0.0
239,haddock,330,0.904,0.006,0.0,0.2,0.0,0.0,0.0,0.0,0.0,0.0,0.0,0.0,0.0,0.0,0.0,0.0,0.0,0.0
240,half and half,106,1.3,0.12,0.043,0.03,0.0,0.0,0.0,0.0,0.0,0.0,0.0,0.0,0.0,0.0,0.0,0.0,0.0,0.0
241,halibut,497,1.11,0.016,0.0,0.23,0.0,0.0,0.0,0.0,0.0,0.0,0.0,0.0,0.0,0.0,0.0,0.0,0.0,0.0
242,ham,48,1.45,0.06,0.015,0.21,0.0,0.1288,0.64,0.0,0.0,45.0,7.144,7.14,0.0,0.04288,0.0,0.12856,125.0,1591327.0
243,hamburgers,190,2.95,0.141,0.241,0.168,0.0,0.0,0.0,0.0,0.0,0.0,0.0,0.0,0.0,0.0,0.0,0.0,0.0,0.0
244,hard boiled eggs,248,1.555,0.105,0.012,0.125,0.0,0.0,0.0,0.0,0.0,0.0,0.0,0.0,0.0,0.0,0.0,0.0,0.0,0.0
245,hard cider,419,0.56,0.0,0.059,0.0,0.0,0.0,0.0,0.0,0.0,0.0,0.0,0.0,0.0,0.0,0.0,0.0,0.0,0.0
246,hash browns,15,3.26,0.22,0.32,0.026,0.0,0.0,0.0,0.0,0.0,0.0,0.0,0.0,0.0,0.0,0.0,0.0,0.0,0.0
247,havarti cheese,412,3.71,0.3,0.028,0.23,0.0,0.0,0.0,0.0,0.0,0.0,0.0,0.0,0.0,0.0,0.0,0.0,0.0,0.0
248,herring,91,0.859,0.059,0.032,0.047,0.0,0.0,0.0,0.0,0.0,0.0,0.0,0.0,0.0,0.0,0.0,0.0,0.0,0.0
249,hominy,238,0.721,0.009,0.143,0.015,0.0,0.0,0.0,0.0,0.0,0.0,0.0,0.0,0.0,0.0,0.0,0.0,0.0,0.0
250,honey,359,3.04,0.0,0.82,0.003,0.0,0.0,0.0,0.0,0.0,0.0,0.0,0.0,0.0,0.0,0.0,0.0,0.0,0.0
251,honeydew melons,112,0.36,0.001,0.09,0.005,0.0,0.0,0.0,0.0,0.0,0.0,0.0,0.0,0.0,0.0,0.0,0.0,0.0,0.0
252,horseradish,407,0.48,0.007,0.11,0.012,0.0,0.0,0.0,0.0,0.0,0.0,0.0,0.0,0.0,0.0,0.0,0.0,0.0,0.0
253,hot chocolate,237,0.77,0.023,0.109,0.035,0.0,0.0,0.0,0.0,0.0,0.0,0.0,0.0,0.0,0.0,0.0,0.0,0.0,0.0
254,hot dogs,193,2.902,0.255,0.042,0.098,0.0,0.0,0.0,0.0,0.0,0.0,0.0,0.0,0.0,0.0,0.0,0.0,0.0,0.0
255,hummus,442,1.66,0.096,0.14,0.079,357.0,0.026791277258566976,1.29,0.0,0.011121495327102804,0.0,1.4454828660436136,21.43,0.022118380062305296,0.011121495327102804,0.22118380062305296,0.022242990654205607,321.0,1886359.0
256,ice cream cones,208,4.189,0.071,0.79,0.079,0.0,0.0,0.0,0.0,0.0,0.0,0.0,0.0,0.0,0.0,0.0,0.0,0.0,0.0
257,ice cream soda,480,0.51,0.0,0.13,0.0,0.0,0.0,0.0,0.0,0.0,0.0,0.0,0.0,0.0,0.0,0.0,0.0,0.0,0.0
258,ice creams,362,2.07,0.11,0.24,0.035,0.0,0.0,0.0,0.0,0.0,0.0,0.0,0.0,0.0,0.0,0.0,0.0,0.0,0.0
259,ice pop,420,0.79,0.002,0.19,0.0,0.0,0.0,0.0,0.0,0.0,0.0,0.0,0.0,0.0,0.0,0.0,0.0,0.0,0.0
260,iced tea,260,0.373,0.001,0.093,0.0,0.0,0.0,0.0,0.0,0.0,0.0,0.0,0.0,0.0,0.0,0.0,0.0,0.0,0.0
261,india pale ale beer,142,0.556,0.0,0.017,0.003,0.0,0.0,0.0,0.0,0.0,0.0,0.0,0.0,0.0,0.0,0.0,0.0,0.0,0.0
262,italian dressing,383,2.31,0.205,0.119,0.004,0.0,0.0,0.0,0.0,0.0,0.0,0.0,0.0,0.0,0.0,0.0,0.0,0.0,0.0
263,jalapenos,448,0.29,0.004,0.065,0.009,0.0,0.0,0.0,0.0,0.0,0.0,0.0,0.0,0.0,0.0,0.0,0.0,0.0,0.0
264,jambalaya,408,1.56,0.074,0.15,0.071,0.0,0.0,0.0,0.0,0.0,0.0,0.0,0.0,0.0,0.0,0.0,0.0,0.0,0.0
265,jams,494,2.78,0.001,0.69,0.004,0.0,0.0,0.0,0.0,0.0,0.0,0.0,0.0,0.0,0.0,0.0,0.0,0.0,0.0
266,jerky,435,4.1,0.26,0.11,0.33,0.0,0.0,0.0,0.0,0.0,0.0,0.0,0.0,0.0,0.0,0.0,0.0,0.0,0.0
267,jicama,538,0.38,0.001,0.09,0.007,0.0,0.0,0.0,0.0,0.0,0.0,0.0,0.0,0.0,0.0,0.0,0.0,0.0,0.0
268,kale,72,0.49,0.007,0.09,0.033,0.0,0.0,1.59,0.0,0.0,0.0,0.8301886792452831,9.73,0.033962264150943396,0.0,2.509433962264151,0.06679245283018868,53.0,1602525.0
269,ketchup,113,1.12,0.002,0.26,0.013,0.0,0.0,0.0,0.0,0.0,0.0,0.0,0.0,0.0,0.0,0.0,0.0,0.0,0.0
270,kidney beans,163,3.33,0.008,0.6,0.24,0.0,0.0,2.08,0.0,0.0,0.0,0.96,12.31,0.062,0.0077,0.31,0.07690000000000001,100.0,2108502.0
271,kimchi,512,0.3,0.001,0.057,0.016,0.0,0.0,0.0,0.0,0.0,0.0,0.0,0.0,0.0,0.0,0.0,0.0,0.0,0.0
272,kiwi,56,0.61,0.005,0.15,0.011,0.0,0.0,0.0,0.0,0.0,0.0,0.0,0.0,0.0,0.0,0.0,0.0,0.0,0.0
273,lager,493,0.43,0.0,0.036,0.005,0.0,0.0,0.0,0.0,0.0,0.0,0.0,0.0,0.0,0.0,0.0,0.0,0.0,0.0
274,lamb,217,2.941,0.211,0.0,0.247,0.0,0.0,0.0,0.0,0.0,0.0,0.0,0.0,0.0,0.0,0.0,0.0,0.0,0.0
275,lamb chops,308,2.941,0.211,0.0,0.247,0.0,0.0,0.0,0.0,0.0,0.0,0.0,0.0,0.0,0.0,0.0,0.0,0.0,0.0
276,lasagna,168,1.35,0.05,0.154,0.072,0.0,0.0,0.0,0.0,0.0,0.0,0.0,0.0,0.0,0.0,0.0,0.0,0.0,0.0
277,latte,499,0.44,0.017,0.044,0.029,0.0,0.0,0.0,0.0,0.0,0.0,0.0,0.0,0.0,0.0,0.0,0.0,0.0,0.0
278,leeks,101,0.61,0.003,0.14,0.015,0.0,0.0,0.0,0.0,0.0,0.0,0.0,0.0,0.0,0.0,0.0,0.0,0.0,0.0
279,lemon,57,0.29,0.003,0.09,0.011,0.0,0.0,0.0,0.0,0.0,0.0,0.0,0.0,0.0,0.0,0.0,0.0,0.0,0.0
280,lemon juice,520,0.17,0.0,0.056,0.004,0.0,0.0,0.0,0.0,0.0,0.0,0.0,0.0,0.0,0.0,0.0,0.0,0.0,0.0
281,lemonade,115,0.4,0.0,0.1,0.001,0.0,0.0,0.0,0.0,0.0,0.0,0.0,0.0,0.0,0.0,0.0,0.0,0.0,0.0
282,lentils,357,1.14,0.004,0.2,0.09,0.0,0.0,8.44,0.0,0.0,0.0,0.0730593607305936,59.38,0.12831050228310503,0.0,0.0,0.1141552511415525,219.0,1469497.0
283,lettuce,30,0.15,0.002,0.029,0.014,0.0,0.0,0.0,0.0,0.0,0.0,0.0,0.0,0.0,0.0,0.0,0.0,0.0,0.0
284,licorice,431,3.5,0.023,0.8,0.026,0.0,0.0,0.0,0.0,0.0,0.0,0.0,0.0,0.0,0.0,0.0,0.0,0.0,0.0
285,light beer,477,0.29,0.0,0.016,0.002,0.0,0.0,0.0,0.0,0.0,0.0,0.0,0.0,0.0,0.0,0.0,0.0,0.0,0.0
286,lima beans,379,1.15,0.004,0.21,0.078,0.0,0.0,0.8,0.0,0.0,0.0,3.3333333333333335,13.6,0.03333333333333333,0.011111111111111112,0.25,0.03333333333333333,72.0,2129709.0
287,lime,367,0.3,0.002,0.105,0.007,0.0,0.0,0.0,0.0,0.0,0.0,0.0,0.0,0.0,0.0,0.0,0.0,0.0,0.0
288,lo mein,340,1.22,0.024,0.2,0.048,0.0,0.0,0.0,0.0,0.0,0.0,0.0,0.0,0.0,0.0,0.0,0.0,0.0,0.0
289,lobster,489,1.43,0.019,0.031,0.26,0.0,0.0,0.0,0.0,0.0,71.0,77.92307692307692,14.29,0.0,0.0,0.0,0.09993006993006992,143.0,2397099.0
290,macadamia nuts,223,7.188,0.75,0.139,0.079,0.0,0.0,0.0,0.0,0.0,0.0,0.0,0.0,0.0,0.0,0.0,0.0,0.0,0.0
291,macaroni,219,3.725,0.015,0.754,0.127,0.0,0.0,0.0,0.0,0.0,0.0,0.0,0.0,0.0,0.0,0.0,0.0,0.0,0.0
292,macaroni and cheese,71,1.64,0.05,0.23,0.07,0.0,0.0,0.0,0.0,0.0,0.0,0.0,0.0,0.0,0.0,0.0,0.0,0.0,0.0
293,mackerel,351,2.62,0.18,0.0,0.24,0.0,0.0,1.93,0.0,0.0,80.0,3.217391304347826,0.0,0.0,0.0,0.4409937888198758,0.15527950310559005,161.0,2068438.0
294,mahi mahi,370,1.09,0.009,0.0,0.24,0.0,0.0,0.0,0.0,0.0,0.0,0.0,0.0,0.0,0.0,0.0,0.0,0.0,0.0
295,mandarin oranges,507,0.53,0.003,0.13,0.008,0.0,0.0,0.0,0.0,0.0,0.0,0.0,0.0,0.0,0.0,0.0,0.0,0.0,0.0
296,mangos,349,0.606,0.004,0.15,0.008,0.0,0.0,0.0,0.0,0.0,0.0,0.0,0.0,0.0,0.0,0.0,0.0,0.0,0.0
297,maple syrup,452,2.6,0.001,0.65,0.001,0.0,0.0,0.0,0.0,0.0,0.0,0.0,0.0,0.0,0.0,0.0,0.0,0.0,0.0
298,margarine,88,7.17,0.81,0.007,0.002,0.0,0.0,0.0,0.0,0.0,0.0,0.0,0.0,0.0,0.0,0.0,0.0,0.0,0.0
299,margarita,390,1.0,0.0,0.099,0.001,0.0,0.0,0.0,0.0,0.0,0.0,0.0,0.0,0.0,0.0,0.0,0.0,0.0,0.0
300,marshmallows,99,3.18,0.002,0.81,0.018,0.0,0.0,0.0,0.0,0.0,0.0,0.0,0.0,0.0,0.0,0.0,0.0,0.0,0.0
301,mashed potatoes,254,0.907,0.029,0.151,0.017,0.0,0.0,0.0,0.0,0.0,0.0,0.0,0.0,0.0,0.0,0.0,0.0,0.0,0.0
302,mayonnaise,116,6.8,0.75,0.006,0.01,0.0,0.0,0.0,0.0,0.0,0.0,0.0,0.0,0.0,0.0,0.0,0.0,0.0,0.0
303,meatballs,505,2.86,0.22,0.081,0.14,0.0,0.0,0.0,0.0,0.0,0.0,0.0,0.0,0.0,0.0,0.0,0.0,0.0,0.0
304,meatloaf,363,1.81,0.099,0.077,0.15,0.0,0.0,0.0,0.0,0.0,0.0,0.0,0.0,0.0,0.0,0.0,0.0,0.0,0.0
305,mexican cheese,488,3.58,0.29,0.018,0.24,0.0,0.0,0.0,0.0,0.0,0.0,0.0,0.0,0.0,0.0,0.0,0.0,0.0,0.0
306,milk,502,0.51,0.019,0.05,0.035,0.0,0.0,0.0,0.0,0.0,0.0,0.0,0.0,0.0,0.0,0.0,0.0,0.0,0.0
307,milk shakes,181,1.121,0.029,0.18,0.039,0.0,0.0,0.0,0.0,0.0,0.0,0.0,0.0,0.0,0.0,0.0,0.0,0.0,0.0
308,millet,513,1.19,0.01,0.237,0.035,0.0,0.0,3.2,0.0,0.0,0.0,0.0,73.33,0.018820224719101122,0.012471910112359551,0.12359550561797752,0.056179775280898875,356.0,454149.0
309,miso soup,350,0.245,0.012,0.015,0.024,0.0,0.0,0.0,0.0,0.0,0.0,0.0,0.0,0.0,0.0,0.0,0.0,0.0,0.0
310,mixed greens,29,0.28,0.004,0.053,0.022,7801.0,1.6714285714285713,1.91,0.0,0.0,0.0,3.7857142857142856,4.96,0.075,0.05071428571428571,3.7857142857142856,0.10142857142857142,28.0,1951913.0
311,mixed nuts,107,6.069,0.535,0.211,0.206,0.0,0.0,0.0,0.0,0.0,0.0,0.0,0.0,0.0,0.0,0.0,0.0,0.0,0.0
312,mixed vegetables,358,0.32,0.003,0.069,0.017,0.0,0.0,0.0,0.0,0.0,0.0,0.0,0.0,0.0,0.0,0.0,0.0,0.0,0.0
313,mousse,263,2.249,0.16,0.16,0.041,0.0,0.0,0.0,0.0,0.0,0.0,0.0,0.0,0.0,0.0,0.0,0.0,0.0,0.0
314,mozzarella cheese,243,2.776,0.171,0.032,0.28,0.0,0.0,0.0,0.0,0.0,0.0,0.0,0.0,0.0,0.0,0.0,0.0,0.0,0.0
315,muenster cheese,83,3.675,0.296,0.011,0.239,0.0,0.0,0.0,0.0,0.0,0.0,0.0,0.0,0.0,0.0,0.0,0.0,0.0,0.0
316,muesli,427,3.52,0.033,0.76,0.11,0.0,0.0,0.0,0.01760204081632653,0.0,0.0,0.5102040816326531,62.9,0.018112244897959182,0.08010204081632653,0.0,0.024489795918367346,392.0,474366.0
317,muffins,206,3.77,0.159,0.533,0.046,0.0,0.0,0.0,0.0,0.0,0.0,0.0,0.0,0.0,0.0,0.0,0.0,0.0,0.0
318,multigrain bread,98,2.857,0.092,0.49,0.041,0.0,0.0,0.0,0.0,0.0,0.0,0.0,0.0,0.0,0.0,0.0,0.0,0.0,0.0
319,mushroom,46,0.22,0.003,0.033,0.031,0.0,0.0,0.0,0.0,0.0,0.0,0.0,0.0,0.0,0.0,0.0,0.0,0.0,0.0
320,mussels,96,1.718,0.045,0.07,0.238,0.0,0.014634146341463414,4.71,0.014390243902439023,0.014390243902439023,47.0,2.8658536585365852,0.0,0.0,0.0,0.573170731707317,0.1721951219512195,82.0,2430436.0
321,mustard,126,0.613,0.033,0.06,0.037,0.0,0.0,0.0,0.0,0.0,0.0,0.0,0.0,0.0,0.0,0.0,0.0,0.0,0.0
322,mustard greens,526,0.27,0.004,0.047,0.029,0.0,2.4344827586206894,1.18,0.0,0.0,0.0,0.6206896551724138,4.71,0.1206896551724138,0.04068965517241379,4.068965517241379,0.0810344827586207,29.0,2372556.0
323,naan,376,2.91,0.057,0.5,0.096,0.0,0.0,0.0,0.0,0.0,0.0,0.0,0.0,0.0,0.0,0.0,0.0,0.0,0.0
324,nachos,491,2.24,0.17,0.048,0.12,0.0,0.0,0.0,0.0,0.0,0.0,0.0,0.0,0.0,0.0,0.0,0.0,0.0,0.0
325,nectar,460,0.316,0.0,0.082,0.066,0.0,0.0,0.0,0.0,0.0,0.0,0.0,0.0,0.0,0.0,0.0,0.0,0.0,0.0
326,nectarines,325,0.442,0.003,0.107,0.011,0.0,0.0,0.0,0.0,0.0,0.0,0.0,0.0,0.0,0.0,0.0,0.0,0.0,0.0
327,noodles,62,1.38,0.021,0.25,0.045,0.0,0.0,0.0,0.0,0.0,0.0,0.0,0.0,0.0,0.0,0.0,0.0,0.0,0.0
328,nopales,539,0.16,0.001,0.033,0.014,0.0,0.0,0.0,0.0,0.0,0.0,0.0,0.0,0.0,0.0,0.0,0.0,0.0,0.0
329,nougat,255,3.99,0.016,0.924,0.034,0.0,0.0,0.0,0.0,0.0,0.0,0.0,0.0,0.0,0.0,0.0,0.0,0.0,0.0
330,nut cheese,553,2.1,0.101,0.04,0.256,0.0,0.0,0.0,0.0,0.0,0.0,0.0,0.0,0.0,0.0,0.0,0.0,0.0,0.0
331,nutrition bars,447,4.0,0.098,0.4,0.38,0.0,0.0,0.0,0.0,0.0,0.0,0.0,0.0,0.0,0.0,0.0,0.0,0.0,0.0
332,nuts,53,6.07,0.54,0.21,0.2,0.0,0.0,0.0,0.0,0.0,0.0,0.0,0.0,0.0,0.0,0.0,0.0,0.0,0.0
333,oatmeal,59,0.68,0.014,0.12,0.024,5556.0,0.04226869455006337,24.0,0.0,0.0,0.0,0.00697084917617237,66.67,0.005640050697084918,0.0,0.21102661596958175,0.0,1578.0,1995469.0
334,oats,100,3.89,0.069,0.663,0.169,0.0,0.0,4.5,0.013333333333333334,0.0033333333333333335,0.0,0.0,67.5,0.02666666666666667,0.006666666666666667,0.0,0.03333333333333333,375.0,2020713.0
335,octopus,125,1.637,0.021,0.044,0.297,0.0,0.0,0.0,0.0,0.0,0.0,7.170731707317073,1.18,0.0,0.0,0.14634146341463414,0.20085365853658535,82.0,2383560.0
336,oil,555,8.864,1.0,0.0,0.0,0.0,0.0,0.0,0.0,0.0,0.0,0.0,0.0,0.0,0.0,0.0,0.0,0.0,0.0
337,okra,79,0.328,0.002,0.072,0.019,350.0,0.2727272727272727,0.54,0.0,0.0,0.0,0.06818181818181818,8.0,0.022727272727272728,0.0,1.8181818181818181,0.06818181818181818,44.0,475597.0
338,olive oil,161,8.84,1.0,0.0,0.0,0.0,0.0,0.0,0.0,0.0,0.0,0.0,0.0,0.0,0.0,0.0,0.0,0.0,0.0
339,olives,12,1.15,0.107,0.063,0.008,0.0,0.0,0.0,0.0,0.0,0.0,0.0,0.0,0.0,0.0,0.0,0.0,0.0,0.0
340,omelets,279,1.54,0.117,0.006,0.104,0.0,0.0,0.0,0.0,0.0,0.0,0.0,0.0,0.0,0.0,0.0,0.0,0.0,0.0
341,onion rings,269,4.106,0.253,0.438,0.039,0.0,0.0,0.0,0.0,0.0,0.0,0.0,0.0,0.0,0.0,0.0,0.0,0.0,0.0
342,onions,94,0.4,0.001,0.09,0.011,0.0,0.0,0.0,0.0,0.0,0.0,0.0,0.0,0.0,0.0,0.0,0.0,0.0,0.0
343,orange,58,0.47,0.001,0.12,0.009,0.0,0.0,0.0,0.0,0.0,0.0,0.0,0.0,0.0,0.0,0.0,0.0,0.0,0.0
344,orange juice,498,0.47,0.001,0.11,0.007,0.0,0.0,0.0,0.0,0.0,0.0,0.0,0.0,0.0,0.0,0.0,0.0,0.0,0.0
345,orange with peel,537,0.294,0.001,0.075,0.006,0.0,0.0,0.0,0.0,0.0,0.0,0.0,0.0,0.0,0.0,0.0,0.0,0.0,0.0
346,oregano,519,2.7,0.04,0.69,0.09,0.0,0.0,0.0,0.0,0.0,0.0,0.0,0.0,0.0,0.0,0.0,0.0,0.0,0.0
347,orzo,533,2.25,0.009,0.458,0.079,0.0,0.0,0.0,0.0,0.0,0.0,0.0,0.0,0.0,0.0,0.0,0.0,0.0,0.0
348,oysters,232,1.989,0.128,0.117,0.088,0.0,0.0,0.0,0.0,0.0,0.0,24.0,25.0,0.0,0.2,0.0,0.0,125.0,2083799.0
349,paella,156,1.834,0.091,0.141,0.104,0.0,0.0,0.0,0.0,0.0,0.0,0.0,0.0,0.0,0.0,0.0,0.0,0.0,0.0
350,pancakes,331,2.266,0.096,0.284,0.063,0.0,0.0,0.0,0.0,0.0,0.0,0.0,0.0,0.0,0.0,0.0,0.0,0.0,0.0
351,papayas,445,0.43,0.003,0.11,0.005,0.0,0.0,0.0,0.0,0.0,0.0,0.0,0.0,0.0,0.0,0.0,0.0,0.0,0.0
352,parmesan cheese,148,4.307,0.286,0.042,0.384,0.0,0.0,0.0,0.0,0.0,0.0,0.0,0.0,0.0,0.0,0.0,0.0,0.0,0.0
353,parsley,524,0.371,0.008,0.064,0.029,0.0,0.0,0.0,0.0,0.0,0.0,0.0,0.0,0.0,0.0,0.0,0.0,0.0,0.0
354,parsnips,162,0.75,0.003,0.18,0.012,0.0,0.0,0.0,0.0,0.0,0.0,0.0,0.0,0.0,0.0,0.0,0.0,0.0,0.0
355,pasta,74,1.316,0.011,0.248,0.051,0.0,0.0,3.21,0.0,0.0,0.0,0.0,78.57,0.009600000000000001,0.009519999999999999,0.0,0.03333333333333333,375.0,465736.0
356,pasta salad,17,2.015,0.119,0.173,0.059,0.0,0.0,0.0,0.0,0.0,0.0,0.0,0.0,0.0,0.0,0.0,0.0,0.0,0.0
357,pasta sauce,226,0.292,0.002,0.069,0.013,0.0,0.0,0.0,0.0,0.0,0.0,0.0,0.0,0.0,0.0,0.0,0.0,0.0,0.0
358,pastrami,209,1.458,0.058,0.004,0.216,0.0,0.0,0.0,0.0,0.0,0.0,0.0,0.0,0.0,0.0,0.0,0.0,0.0,0.0
359,pastries,127,5.508,0.384,0.452,0.072,0.0,0.0,0.0,0.0,0.0,0.0,0.0,0.0,0.0,0.0,0.0,0.0,0.0,0.0
360,pate nutrition,329,3.182,0.281,0.015,0.141,0.0,0.0,0.0,0.0,0.0,0.0,0.0,0.0,0.0,0.0,0.0,0.0,0.0,0.0
361,peach,344,0.388,0.003,0.095,0.009,0.0,0.0,0.0,0.0,0.0,0.0,0.0,0.0,0.0,0.0,0.0,0.0,0.0,0.0
362,peaches,271,0.393,0.003,0.095,0.009,0.0,0.0,0.0,0.0,0.0,0.0,0.0,0.0,0.0,0.0,0.0,0.0,0.0,0.0
363,peanut butter,313,5.895,0.503,0.194,0.251,0.0,0.0,0.0,0.0,0.0,0.0,0.0,0.0,0.0,0.0,0.0,0.0,0.0,0.0
364,peanuts,336,5.675,0.492,0.161,0.253,0.0,0.0,2.57,0.0,0.012504378283712784,0.0,1.063047285464098,21.43,0.012434325744308231,0.006252189141856392,0.0,0.03753064798598949,571.0,2027332.0
365,pears,213,0.572,0.001,0.152,0.004,0.0,0.0,0.0,0.0,0.0,0.0,0.0,0.0,0.0,0.0,0.0,0.0,0.0,0.0
366,peas,374,0.84,0.002,0.16,0.054,0.0,0.0,0.0,0.0,0.0,0.0,0.0,0.0,0.0,0.0,0.0,0.0,0.0,0.0
367,pecan pie,235,4.123,0.218,0.525,0.049,0.0,0.0,0.0,0.0,0.0,0.0,0.0,0.0,0.0,0.0,0.0,0.0,0.0,0.0
368,pecans,82,6.9,0.72,0.14,0.09,0.0,0.0,0.0,0.0,0.009302649930264993,0.0,0.0,13.33,0.009344490934449093,0.004644351464435146,0.0,0.01394700139470014,717.0,1935002.0
369,pepper,312,0.4,0.002,0.093,0.02,0.0,0.0,0.0,0.0,0.0,0.0,0.0,0.0,0.0,0.0,0.0,0.0,0.0,0.0
370,pepperoni,297,4.936,0.438,0.0,0.231,0.0,0.0,0.0,0.0,0.0,0.0,0.0,0.0,0.0,0.0,0.0,0.0,0.0,0.0
371,pepperoni pizza,392,2.82,0.12,0.32,0.12,0.0,0.0,0.0,0.0,0.0,0.0,0.0,0.0,0.0,0.0,0.0,0.0,0.0,0.0
372,pesto,532,5.62,0.549,0.08,0.121,0.0,0.0,0.0,0.0,0.0,0.0,0.0,0.0,0.0,0.0,0.0,0.0,0.0,0.0
373,pickles,81,0.11,0.002,0.023,0.003,0.0,0.0,0.0,0.0,0.0,0.0,0.0,0.0,0.0,0.0,0.0,0.0,0.0,0.0
374,pie crust,302,2.367,0.11,0.345,0.018,0.0,0.0,0.0,0.0,0.0,0.0,0.0,0.0,0.0,0.0,0.0,0.0,0.0,0.0
375,pies,178,2.367,0.111,0.345,0.019,0.0,0.0,0.0,0.0,0.0,0.0,0.0,0.0,0.0,0.0,0.0,0.0,0.0,0.0
376,pilaf,413,1.592,0.049,0.256,0.025,0.0,0.0,0.0,0.0,0.0,0.0,0.0,0.0,0.0,0.0,0.0,0.0,0.0,0.0
377,pine nuts,222,6.646,0.685,0.126,0.132,0.0,0.0,5.14,0.0,0.007893961708394698,0.0,0.0,14.29,0.005301914580265096,0.005257731958762887,0.0,0.02104565537555228,679.0,2042268.0
378,pineapple,38,0.5,0.001,0.13,0.005,0.0,0.0,0.0,0.0,0.0,0.0,0.0,0.0,0.0,0.0,0.0,0.0,0.0,0.0
379,pinto beans,506,1.43,0.007,0.26,0.09,0.0,0.0,7.5,0.0,0.0,0.0,0.25149700598802394,61.11,0.23293413173652694,0.016646706586826345,0.6646706586826348,0.11640718562874253,167.0,1478888.0
380,pistachios,466,5.69,0.46,0.28,0.21,357.0,0.008022388059701492,3.86,0.0,0.01,0.0,1.0652985074626866,28.57,0.019962686567164177,0.01332089552238806,0.13246268656716417,0.03332089552238806,536.0,2011443.0
381,pita bread,220,2.75,0.011,0.558,0.088,0.0,0.0,0.0,0.0,0.0,0.0,0.0,0.0,0.0,0.0,0.0,0.0,0.0,0.0
382,pizza,380,2.66,0.097,0.33,0.11,0.0,0.0,0.0,0.0,0.0,0.0,0.0,0.0,0.0,0.0,0.0,0.0,0.0,0.0
383,pizza dough,549,2.355,0.047,0.417,0.054,0.0,0.0,0.0,0.0,0.0,0.0,0.0,0.0,0.0,0.0,0.0,0.0,0.0,0.0
384,pizza sauce,551,0.29,0.002,0.07,0.013,0.0,0.0,0.0,0.0,0.0,0.0,0.0,0.0,0.0,0.0,0.0,0.0,0.0,0.0
385,plate only,423,0.0,0.0,0.0,0.0,0.0,0.0,0.0,0.0,0.0,0.0,0.0,0.0,0.0,0.0,0.0,0.0,0.0,0.0
386,plums,211,0.457,0.003,0.115,0.007,0.0,0.0,0.0,0.0,0.0,0.0,0.0,0.0,0.0,0.0,0.0,0.0,0.0,0.0
387,poached eggs,136,1.425,0.092,0.008,0.125,0.0,0.0,0.0,0.0,0.0,0.0,0.0,0.0,0.0,0.0,0.0,0.0,0.0,0.0
388,polenta,114,3.7,0.018,0.79,0.07,0.0,0.0,0.0,0.0,0.0,0.0,0.0,0.0,0.0,0.0,0.0,0.0,0.0,0.0
389,pomegranate,552,0.83,0.012,0.19,0.017,0.0,0.0,0.0,0.0,0.0,0.0,0.0,0.0,0.0,0.0,0.0,0.0,0.0,0.0
390,popcorn,258,3.745,0.043,0.74,0.11,0.0,0.0,1.85,0.0,0.0,0.0,0.0,56.41,0.036524822695035465,0.0,0.0,0.02726950354609929,282.0,1662277.0
391,pork,462,2.38,0.14,0.0,0.26,0.0,0.0,1.27,0.0,0.019915254237288137,76.0,1.7966101694915255,1.18,0.0,0.0,0.0,0.17949152542372881,118.0,1945366.0
392,pork chops,204,2.308,0.141,0.0,0.239,0.0,0.0,0.0,0.0,0.0,0.0,0.0,0.0,0.0,0.0,0.0,0.0,0.0,0.0
393,pot pies,266,1.982,0.113,0.189,0.049,0.0,0.0,0.0,0.0,0.0,0.0,0.0,0.0,0.0,0.0,0.0,0.0,0.0,0.0
394,potato bread,333,2.658,0.031,0.469,0.128,0.0,0.0,0.0,0.0,0.0,0.0,0.0,0.0,0.0,0.0,0.0,0.0,0.0,0.0
395,potato chips,61,5.36,0.35,0.53,0.07,0.0,0.0,0.0,0.0,0.0,0.0,0.0,0.0,0.0,0.0,0.0,0.0,0.0,0.0
396,potato salad,224,1.429,0.08,0.111,0.028,0.0,0.0,0.0,0.0,0.0,0.0,0.0,0.0,0.0,0.0,0.0,0.0,0.0,0.0
397,potato skins,404,3.4,0.26,0.15,0.13,0.0,0.0,0.0,0.0,0.0,0.0,0.0,0.0,0.0,0.0,0.0,0.0,0.0,0.0
398,potatoes,5,0.77,0.001,0.17,0.02,0.0,0.24594594594594593,0.73,0.0,0.0,0.0,0.0,17.57,0.0,0.009189189189189189,0.1891891891891892,0.02743243243243243,74.0,1611539.0
399,pretzels,103,3.803,0.026,0.804,0.101,0.0,0.0,0.0,0.0,0.0,0.0,0.0,0.0,0.0,0.0,0.0,0.0,0.0,0.0
400,protein powder,78,4.0,0.033,0.1,0.8,0.0,0.0,0.0,0.0,0.0,0.0,0.0,0.0,0.0,0.0,0.0,0.0,0.0,0.0
401,provolone cheese,295,3.519,0.266,0.022,0.253,0.0,0.0,0.0,0.0,0.0,0.0,0.0,0.0,0.0,0.0,0.0,0.0,0.0,0.0
402,prunes,424,2.4,0.004,0.64,0.022,536.0,0.0,0.26,0.0,0.0,0.0,0.1937984496124031,30.71,0.02248062015503876,0.1273643410852713,0.2248062015503876,0.005503875968992248,129.0,2033920.0
403,puddings,304,1.197,0.032,0.198,0.032,0.0,0.0,0.0,0.0,0.0,0.0,0.0,0.0,0.0,0.0,0.0,0.0,0.0,0.0
404,pumpkin seeds,531,4.46,0.19,0.54,0.19,333.0,0.0,9.0,0.0,0.013883333333333333,0.0,0.028333333333333332,13.33,0.0055,0.0,0.0,0.03888333333333333,600.0,2027948.0
405,pumpkins,261,0.259,0.001,0.065,0.01,0.0,0.0,0.0,0.0,0.0,0.0,0.0,0.0,0.0,0.0,0.0,0.0,0.0,0.0
406,quesadillas,474,3.68,0.23,0.24,0.16,0.0,0.0,0.0,0.0,0.0,0.0,0.0,0.0,0.0,0.0,0.0,0.0,0.0,0.0
407,quiche,365,3.71,0.31,0.099,0.13,0.0,0.0,0.0,0.0,0.0,0.0,0.0,0.0,0.0,0.0,0.0,0.0,0.0,0.0
408,quinoa,377,1.2,0.019,0.21,0.044,714.0,0.03177570093457944,0.77,0.0,0.0033644859813084112,0.0,1.4672897196261683,20.0,0.019626168224299065,0.02,0.1308411214953271,0.02672897196261682,107.0,1858805.0
409,radishes,73,0.16,0.001,0.034,0.007,0.0,0.0,0.0,0.0,0.0,0.0,0.0,0.0,0.0,0.0,0.0,0.0,0.0,0.0
410,raisin bran,86,3.14,0.027,0.77,0.08,0.0,0.0,0.0,0.0,0.0,0.0,0.0,0.0,0.0,0.0,0.0,0.0,0.0,0.0
411,raisin bread,399,2.74,0.044,0.52,0.079,0.0,0.0,0.0,0.0,0.0,0.0,0.0,0.0,0.0,0.0,0.0,0.0,0.0,0.0
412,raisins,129,2.99,0.005,0.79,0.031,0.0,0.0,2.5,0.0,0.0,0.0,0.0,80.0,0.016666666666666666,0.2,0.16666666666666666,0.008333333333333333,300.0,596556.0
413,ranch dressing,289,4.837,0.505,0.068,0.01,0.0,0.0,0.0,0.0,0.0,0.0,0.0,0.0,0.0,0.0,0.0,0.0,0.0,0.0
414,raspberries,40,0.53,0.007,0.12,0.012,0.0,0.0,0.0,0.0,0.0,0.0,0.0,0.0,0.0,0.0,0.0,0.0,0.0,0.0
415,ravioli,184,0.771,0.015,0.138,0.025,0.0,0.0,0.0,0.0,0.0,0.0,0.0,0.0,0.0,0.0,0.0,0.0,0.0,0.0
416,red potatoes,432,0.89,0.001,0.2,0.023,0.0,0.0,0.0,0.0,0.0,0.0,0.0,0.0,0.0,0.0,0.0,0.0,0.0,0.0
417,refried beans,75,0.918,0.012,0.152,0.052,0.0,0.0,0.0,0.0,0.0,0.0,0.0,0.0,0.0,0.0,0.0,0.0,0.0,0.0
418,relish,467,1.3,0.005,0.35,0.004,0.0,0.0,0.0,0.0,0.0,0.0,0.0,0.0,0.0,0.0,0.0,0.0,0.0,0.0
419,ribs,284,3.513,0.281,0.0,0.227,0.0,0.0,0.0,0.0,0.0,0.0,0.0,0.0,0.0,0.0,0.0,0.0,0.0,0.0
420,rice,482,1.3,0.003,0.28,0.027,69.0,0.017985611510791366,1.88,0.0,0.0,0.0,3.3453237410071943,26.39,0.010071942446043165,0.009999999999999998,0.2014388489208633,0.02496402877697842,139.0,356554.0
421,rice cakes,454,3.885,0.028,0.81,0.082,0.0,0.0,0.0,0.0,0.0,0.0,0.0,0.0,0.0,0.0,0.0,0.0,0.0,0.0
422,rice noodles,180,1.09,0.002,0.25,0.009,0.0,0.0,0.0,0.0,0.0,0.0,0.0,0.0,0.0,0.0,0.0,0.0,0.0,0.0
423,risotto,360,1.22,0.039,0.16,0.043,0.0,0.0,0.0,0.0,0.0,0.0,0.0,0.0,0.0,0.0,0.0,0.0,0.0,0.0
424,roast beef,236,1.698,0.059,0.0,0.291,0.0,0.0,0.0,0.0,0.0,0.0,0.0,0.0,0.0,0.0,0.0,0.0,0.0,0.0
425,roast chicken,316,2.237,0.13,0.0,0.235,0.0,0.0,0.0,0.0,0.0,0.0,0.0,0.0,0.0,0.0,0.0,0.0,0.0,0.0
426,roast pork,345,2.918,0.212,0.0,0.235,0.0,0.0,0.0,0.0,0.0,0.0,0.0,0.0,0.0,0.0,0.0,0.0,0.0,0.0
427,roast turkey,361,1.89,0.074,0.001,0.29,0.0,0.0,0.0,0.0,0.0,0.0,0.0,0.0,0.0,0.0,0.0,0.0,0.0,0.0
428,roasted potatoes,433,1.41,0.068,0.18,0.021,0.0,0.0,0.0,0.0,0.0,0.0,0.0,0.0,0.0,0.0,0.0,0.0,0.0,0.0
429,rolls,250,3.089,0.065,0.521,0.107,0.0,0.0,0.0,0.0,0.0,0.0,0.0,0.0,0.0,0.0,0.0,0.0,0.0,0.0
430,romano cheese,286,3.874,0.273,0.036,0.318,0.0,0.0,0.0,0.0,0.0,0.0,0.0,0.0,0.0,0.0,0.0,0.0,0.0,0.0
431,root beer,327,0.415,0.0,0.108,0.0,0.0,0.0,0.0,0.0,0.0,0.0,0.0,0.0,0.0,0.0,0.0,0.0,0.0,0.0
432,rosemary,516,1.31,0.057,0.2,0.029,0.0,0.0,0.0,0.0,0.0,0.0,0.0,0.0,0.0,0.0,0.0,0.0,0.0,0.0
433,rum,309,2.313,0.0,0.0,0.0,0.0,0.0,0.0,0.0,0.0,0.0,0.0,0.0,0.0,0.0,0.0,0.0,0.0,0.0
434,rye bread,130,2.586,0.032,0.482,0.086,0.0,0.0,0.0,0.0,0.0,0.0,0.0,0.0,0.0,0.0,0.0,0.0,0.0,0.0
435,salad dressing,283,4.799,0.467,0.165,0.008,0.0,0.0,0.0,0.0,0.0,0.0,0.0,0.0,0.0,0.0,0.0,0.0,0.0,0.0
436,salads,197,1.523,0.097,0.148,0.01,0.0,0.0,0.0,0.0,0.0,0.0,0.0,0.0,0.0,0.0,0.0,0.0,0.0,0.0
437,salami,323,3.347,0.26,0.024,0.22,0.0,0.0,0.0,0.0,0.0,0.0,0.0,0.0,0.0,0.0,0.0,0.0,0.0,0.0
438,salmon,332,1.78,0.08,0.0,0.24,0.0,0.0,0.76,0.0,0.010603448275862069,56.0,0.27155172413793105,0.0,0.0,0.0,0.0603448275862069,0.0819396551724138,232.0,1028841.0
439,salsa,475,0.29,0.002,0.066,0.015,0.0,0.0,0.0,0.0,0.0,0.0,0.0,0.0,0.0,0.0,0.0,0.0,0.0,0.0
440,salt,291,0.0,0.0,0.0,0.0,0.0,0.0,0.0,0.0,0.0,0.0,0.0,0.0,0.0,0.0,0.0,0.0,0.0,0.0
441,samosas,461,2.62,0.17,0.24,0.035,0.0,0.0,0.0,0.0,0.0,0.0,0.0,0.0,0.0,0.0,0.0,0.0,0.0,0.0
442,sandwich cookies,293,4.697,0.202,0.704,0.056,0.0,0.0,0.0,0.0,0.0,0.0,0.0,0.0,0.0,0.0,0.0,0.0,0.0,0.0
443,sandwiches,273,2.329,0.13,0.179,0.11,0.0,0.0,0.0,0.0,0.0,0.0,0.0,0.0,0.0,0.0,0.0,0.0,0.0,0.0
444,sardines,265,2.031,0.111,0.0,0.243,0.0,0.0,0.0,0.0,0.0,0.0,0.0,0.0,0.0,0.0,0.0,0.0,0.0,0.0
445,sauerkraut,366,0.19,0.001,0.043,0.009,0.0,0.0,0.0,0.0,0.0,0.0,0.0,0.0,0.0,0.0,0.0,0.0,0.0,0.0
446,sausage,39,3.446,0.273,0.042,0.193,0.0,0.0,0.0,0.0,0.0,0.0,0.0,0.0,0.0,0.0,0.0,0.0,0.0,0.0
447,scallops,146,1.059,0.006,0.059,0.2,0.0,0.0,0.32,0.0,0.0,31.0,1.8089887640449438,2.68,0.0,0.0,0.25842696629213485,0.170561797752809,89.0,2384290.0
448,scones,241,3.525,0.162,0.447,0.07,0.0,0.0,0.0,0.0,0.0,0.0,0.0,0.0,0.0,0.0,0.0,0.0,0.0,0.0
449,scrambled eggs,8,1.48,0.11,0.016,0.1,0.0,0.0,0.0,0.0,0.0,0.0,0.0,0.0,0.0,0.0,0.0,0.0,0.0,0.0
450,seafood,138,2.044,0.081,0.018,0.285,0.0,0.0,0.0,0.0,0.0,0.0,0.0,0.0,0.0,0.0,0.0,0.0,0.0,0.0
451,seaweed,405,0.38,0.003,0.084,0.024,0.0,0.0,0.0,0.0,0.0,0.0,0.0,0.0,0.0,0.0,0.0,0.0,0.0,0.0
452,seeds,214,5.582,0.492,0.108,0.309,0.0,0.0,0.0,0.0,0.0,0.0,0.0,0.0,0.0,0.0,0.0,0.0,0.0,0.0
453,shallots,133,0.2,0.002,0.033,0.015,0.0,0.0,0.0,0.0,0.0,0.0,0.0,0.0,0.0,0.0,0.0,0.0,0.0,0.0
454,sherbet,406,1.44,0.02,0.3,0.011,0.0,0.0,0.0,0.0,0.0,0.0,0.0,0.0,0.0,0.0,0.0,0.0,0.0,0.0
455,shrimp,51,0.99,0.003,0.002,0.24,0.0,0.0,0.42,0.0,0.0,112.0,10.51063829787234,0.0,0.0,0.0,1.5106382978723405,0.2502127659574468,47.0,1899566.0
456,skim milk,165,0.34,0.001,0.049,0.034,0.0,0.0,0.0,0.0,0.0,0.0,0.0,0.0,0.0,0.0,0.0,0.0,0.0,0.0
457,smoked salmon,240,1.173,0.043,0.0,0.184,0.0,0.0,0.0,0.0,0.0,0.0,0.0,0.0,0.0,0.0,0.0,0.0,0.0,0.0
458,smoothies,234,0.383,0.0,0.084,0.013,0.0,0.0,0.0,0.0,0.0,0.0,0.0,0.0,0.0,0.0,0.0,0.0,0.0,0.0
459,snapper,373,1.28,0.017,0.0,0.26,0.0,0.0,0.0,0.0,0.0,0.0,0.0,0.0,0.0,0.0,0.0,0.0,0.0,0.0
460,snow peas,102,0.81,0.004,0.14,0.05,0.0,0.0,0.0,0.0,0.0,0.0,0.0,0.0,0.0,0.0,0.0,0.0,0.0,0.0
461,soft serve ice creams,268,2.234,0.13,0.222,0.041,0.0,0.0,0.0,0.0,0.0,0.0,0.0,0.0,0.0,0.0,0.0,0.0,0.0,0.0
462,sorbet,144,1.24,0.005,0.267,0.019,0.0,0.0,0.0,0.0,0.0,0.0,0.0,0.0,0.0,0.0,0.0,0.0,0.0,0.0
463,souffle,280,1.691,0.13,0.06,0.079,0.0,0.0,0.0,0.0,0.0,0.0,0.0,0.0,0.0,0.0,0.0,0.0,0.0,0.0
464,sour cream,434,1.98,0.19,0.046,0.024,0.0,0.0,0.0,0.0,0.0,0.0,0.0,0.0,0.0,0.0,0.0,0.0,0.0,0.0
465,sourdough bread,314,2.889,0.018,0.562,0.119,0.0,0.0,0.0,0.0,0.0,0.0,0.0,0.0,0.0,0.0,0.0,0.0,0.0,0.0
466,soy milk,299,0.534,0.017,0.061,0.033,0.0,0.0,0.0,0.0,0.0,0.0,0.0,0.0,0.0,0.0,0.0,0.0,0.0,0.0
467,soy nuts,354,4.49,0.22,0.29,0.43,0.0,0.0,0.0,0.0,0.0,0.0,0.0,0.0,0.0,0.0,0.0,0.0,0.0,0.0
468,soy sauce,508,0.53,0.006,0.049,0.081,0.0,0.0,0.0,0.0,0.0,0.0,0.0,0.0,0.0,0.0,0.0,0.0,0.0,0.0
469,soy sausage,554,2.02,0.144,0.063,0.16,0.0,0.0,0.0,0.0,0.0,0.0,0.0,0.0,0.0,0.0,0.0,0.0,0.0,0.0
470,soy yogurt,182,1.014,0.019,0.173,0.037,0.0,0.0,0.0,0.0,0.0,0.0,0.0,0.0,0.0,0.0,0.0,0.0,0.0,0.0
471,spaghetti,89,1.58,0.009,0.31,0.06,0.0,0.0,0.0,0.0,0.0,0.0,0.0,0.0,0.0,0.0,0.0,0.0,0.0,0.0
472,spinach (cooked),511,0.23,0.0,0.04,0.03,0.0,0.0,0.0,0.0,0.0,0.0,0.0,0.0,0.0,0.0,0.0,0.0,0.0,0.0
473,spinach (raw),36,0.23,0.004,0.036,0.029,0.0,0.0,0.0,0.0,0.0,0.0,0.0,0.0,0.0,0.0,0.0,0.0,0.0,0.0
474,spreads,292,2.357,0.171,0.12,0.079,0.0,0.0,0.0,0.0,0.0,0.0,0.0,0.0,0.0,0.0,0.0,0.0,0.0,0.0
475,spring rolls,108,1.543,0.08,0.043,0.162,0.0,0.0,0.0,0.0,0.0,0.0,0.0,0.0,0.0,0.0,0.0,0.0,0.0,0.0
476,squash,21,0.205,0.003,0.034,0.009,0.0,0.0,0.0,0.0,0.0,0.0,0.0,0.0,0.0,0.0,0.0,0.0,0.0,0.0
477,squid,215,1.751,0.07,0.081,0.178,182.0,0.0,1.31,0.0,0.012522935779816514,27.0,2.9174311926605503,3.64,0.0,0.0,0.3348623853211009,0.06674311926605504,218.0,1765580.0
478,steak,10,2.71,0.19,0.0,0.25,0.0,0.0,0.0,0.0,0.0,0.0,0.0,0.0,0.0,0.0,0.0,0.0,0.0,0.0
479,stews,411,1.06,0.032,0.082,0.11,0.0,0.0,0.0,0.0,0.0,0.0,0.0,0.0,0.0,0.0,0.0,0.0,0.0,0.0
480,stout beer,446,0.45,0.0,0.015,0.002,0.0,0.0,0.0,0.0,0.0,0.0,0.0,0.0,0.0,0.0,0.0,0.0,0.0,0.0
481,strawberries,2,0.33,0.003,0.08,0.007,0.0,0.0,0.0,0.0,0.0,0.0,0.0,0.0,0.0,0.0,0.0,0.0,0.0,0.0
482,string cheese,395,3.0,0.22,0.022,0.22,0.0,0.0,0.0,0.0,0.0,0.0,0.0,0.0,0.0,0.0,0.0,0.0,0.0,0.0
483,strudels,104,3.182,0.108,0.5,0.05,0.0,0.0,0.0,0.0,0.0,0.0,0.0,0.0,0.0,0.0,0.0,0.0,0.0,0.0
484,stuffing,307,3.854,0.035,0.767,0.11,0.0,0.0,0.0,0.0,0.0,0.0,0.0,0.0,0.0,0.0,0.0,0.0,0.0,0.0
485,succotash,137,0.99,0.01,0.2,0.05,0.0,0.0,0.0,0.0,0.0,0.0,0.0,0.0,0.0,0.0,0.0,0.0,0.0,0.0
486,sugar,328,3.88,0.0,1.0,0.0,0.0,0.0,0.0,0.0,0.0,0.0,0.0,0.0,0.0,0.0,0.0,0.0,0.0,0.0
487,sun dried tomatoes,457,2.58,0.03,0.56,0.14,0.0,0.0,0.0,0.0,0.0,0.0,0.0,0.0,0.0,0.0,0.0,0.0,0.0,0.0
488,sundaes,296,1.799,0.053,0.302,0.037,0.0,0.0,0.0,0.0,0.0,0.0,0.0,0.0,0.0,0.0,0.0,0.0,0.0,0.0
489,sunflower seeds,364,5.46,0.5,0.15,0.19,0.0,0.0,3.0,0.0,0.0088339222614841,0.0,0.3250883392226148,10.0,0.0176678445229682,0.005901060070671378,0.23674911660777384,0.041236749116607775,283.0,1879738.0
490,sushi,149,1.43,0.004,0.299,0.043,0.0,0.0,0.0,0.0,0.0,0.0,0.0,0.0,0.0,0.0,0.0,0.0,0.0,0.0
491,sweet potato,437,0.76,0.0,0.18,0.01,0.0,0.0,0.0,0.0,0.0,0.0,0.0,0.0,0.0,0.0,0.0,0.0,0.0,0.0
492,sweet rolls,478,2.73,0.063,0.46,0.086,0.0,0.0,0.0,0.0,0.0,0.0,0.0,0.0,0.0,0.0,0.0,0.0,0.0,0.0
493,swiss cheese,199,3.799,0.282,0.052,0.276,0.0,0.0,0.0,0.0,0.0,0.0,0.0,0.0,0.0,0.0,0.0,0.0,0.0,0.0
494,swordfish,150,1.718,0.079,0.0,0.234,0.0,0.0,0.0,0.0,0.0,0.0,0.0,0.0,0.0,0.0,0.0,0.0,0.0,0.0
495,syrup,67,2.6,0.001,0.67,0.0,0.0,0.0,0.0,0.0,0.0,0.0,0.0,0.0,0.0,0.0,0.0,0.0,0.0,0.0
496,tabouli,119,0.85,0.045,0.107,0.021,0.0,0.0,0.0,0.0,0.0,0.0,0.0,0.0,0.0,0.0,0.0,0.0,0.0,0.0
497,taco salad,492,1.57,0.085,0.14,0.07,0.0,0.0,0.0,0.0,0.0,0.0,0.0,0.0,0.0,0.0,0.0,0.0,0.0,0.0
498,taco shells,451,4.76,0.22,0.63,0.064,0.0,0.0,0.0,0.0,0.0,0.0,0.0,0.0,0.0,0.0,0.0,0.0,0.0,0.0
499,tacos,117,2.26,0.13,0.201,0.088,0.0,0.0,0.0,0.0,0.0,0.0,0.0,0.0,0.0,0.0,0.0,0.0,0.0,0.0
500,tahini,253,5.956,0.535,0.211,0.17,0.0,0.0,0.0,0.0,0.0,0.0,0.0,0.0,0.0,0.0,0.0,0.0,0.0,0.0
501,tamales,167,1.528,0.06,0.181,0.062,0.0,0.0,0.0,0.0,0.0,0.0,0.0,0.0,0.0,0.0,0.0,0.0,0.0,0.0
502,taquitos,500,2.86,0.13,0.34,0.093,0.0,0.0,0.0,0.0,0.0,0.0,0.0,0.0,0.0,0.0,0.0,0.0,0.0,0.0
503,tatsoi,522,0.22,0.003,0.039,0.022,0.0,0.0,0.0,0.0,0.0,0.0,0.0,0.0,0.0,0.0,0.0,0.0,0.0,0.0
504,tea,490,0.01,0.0,0.003,0.0,0.0,0.0,0.0,0.0,0.0,0.0,0.0,0.0,0.0,0.0,0.0,0.0,0.0,0.0
505,tempeh,177,1.929,0.109,0.093,0.188,0.0,0.0,0.0,0.0,0.0,0.0,0.0,0.0,0.0,0.0,0.0,0.0,0.0,0.0
506,tempura,509,1.05,0.039,0.11,0.065,0.0,0.0,0.0,0.0,0.0,0.0,0.0,0.0,0.0,0.0,0.0,0.0,0.0,0.0
507,teriyaki sauce,393,0.89,0.0,0.16,0.059,0.0,0.0,0.0,0.0,0.0,0.0,0.0,0.0,0.0,0.0,0.0,0.0,0.0,0.0
508,thyme,518,1.01,0.017,0.24,0.06,0.0,0.0,0.0,0.0,0.0,0.0,0.0,0.0,0.0,0.0,0.0,0.0,0.0,0.0
509,tilapia,135,1.288,0.027,0.0,0.261,0.0,0.009482758620689657,0.64,0.0,0.011551724137931036,45.0,3.8448275862068964,1.79,0.0,0.0,0.15517241379310345,0.16163793103448276,116.0,2016165.0
510,toast,287,3.131,0.042,0.555,0.13,0.0,0.0,0.0,0.0,0.0,0.0,0.0,0.0,0.0,0.0,0.0,0.0,0.0,0.0
511,tofu,50,0.73,0.048,0.019,0.08,0.0,0.0,0.0,0.0,0.0,0.0,0.0,0.0,0.0,0.0,0.0,0.0,0.0,2294522.0
512,tomatillo,541,0.32,0.01,0.06,0.01,0.0,0.0,0.0,0.0,0.0,0.0,0.0,0.0,0.0,0.0,0.0,0.0,0.0,0.0
513,tomato soup,426,0.35,0.002,0.074,0.007,0.0,0.0,0.0,0.0,0.0,0.0,0.0,0.0,0.0,0.0,0.0,0.0,0.0,0.0
514,tomatoes,32,0.34,0.007,0.068,0.007,0.0,0.0,0.0,0.0,0.0,0.0,0.0,0.0,0.0,0.0,0.0,0.0,0.0,2315303.0
515,tortellini,242,3.072,0.072,0.47,0.138,0.0,0.0,0.0,0.0,0.0,0.0,0.0,0.0,0.0,0.0,0.0,0.0,0.0,0.0
516,tortilla,60,2.18,0.029,0.45,0.06,0.0,0.0,0.0,0.0,0.0,0.0,0.0,0.0,0.0,0.0,0.0,0.0,0.0,0.0
517,tortilla chips,251,4.642,0.153,0.737,0.086,0.0,0.0,0.0,0.0,0.0,0.0,0.0,0.0,0.0,0.0,0.0,0.0,0.0,0.0
518,tostadas,216,1.48,0.078,0.132,0.071,0.0,0.0,0.0,0.0,0.0,0.0,0.0,0.0,0.0,0.0,0.0,0.0,0.0,0.0
519,trail mix,274,4.62,0.286,0.454,0.139,0.0,0.0,0.0,0.0,0.0,0.0,0.0,0.0,0.0,0.0,0.0,0.0,0.0,0.0
520,trout,285,1.409,0.06,0.0,0.201,0.0,0.0,9.28,0.0,0.017370370370370373,125.0,0.21851851851851853,0.0,0.0,0.0,0.46296296296296297,0.06655555555555555,270.0,2018056.0
521,tuna,402,1.3,0.006,0.0,0.29,377.0,0.06063829787234043,0.68,0.0,0.005,5.0,4.712765957446808,10.38,0.009574468085106383,0.06021276595744681,0.40425531914893614,0.06021276595744681,94.0,2068771.0
522,tuna salad,141,1.87,0.092,0.092,0.162,0.0,0.0,0.0,0.0,0.0,0.0,0.0,0.0,0.0,0.0,0.0,0.0,0.0,0.0
523,turkey,18,1.89,0.07,0.001,0.29,530.0,0.0,1.14,0.0,0.005185185185185185,34.0,6.432098765432099,6.78,0.016049382716049384,0.020864197530864197,0.5185185185185185,0.12037037037037036,81.0,1857258.0
524,turkey bacon,80,3.797,0.281,0.031,0.291,0.0,0.0,0.0,0.0,0.0,0.0,0.0,0.0,0.0,0.0,0.0,0.0,0.0,0.0
525,turkey breast,147,1.891,0.071,0.0,0.288,0.0,0.0,0.0,0.0,0.0,0.0,0.0,0.0,0.0,0.0,0.0,0.0,0.0,0.0
526,turnips,342,0.217,0.001,0.051,0.007,0.0,0.0,1.18,0.0,0.0,0.0,0.5142857142857142,5.88,0.06857142857142857,0.03371428571428571,2.657142857142857,0.06714285714285714,35.0,2402666.0
527,turnover,346,1.781,0.081,0.256,0.015,0.0,0.0,0.0,0.0,0.0,0.0,0.0,0.0,0.0,0.0,0.0,0.0,0.0,0.0
528,veal,143,1.72,0.076,0.0,0.244,0.0,0.0,0.0,0.0,0.0,0.0,0.0,0.0,0.0,0.0,0.0,0.0,0.0,0.0
529,vegetable juice,504,0.22,0.003,0.039,0.009,0.0,0.0,0.0,0.0,0.0,0.0,0.0,0.0,0.0,0.0,0.0,0.0,0.0,0.0
530,vegetable oil,221,8.864,1.0,0.0,0.0,0.0,0.0,0.0,0.0,0.0,0.0,0.0,0.0,0.0,0.0,0.0,0.0,0.0,0.0
531,veggie burgers,225,1.771,0.061,0.141,0.159,0.0,0.0,0.0,0.0,0.0,0.0,0.0,0.0,0.0,0.0,0.0,0.0,0.0,0.0
532,vinaigrette,338,4.655,0.518,0.026,0.0,0.0,0.0,0.0,0.0,0.0,0.0,0.0,0.0,0.0,0.0,0.0,0.0,0.0,0.0
533,vinegar,189,0.0,0.0,0.0,0.0,0.0,0.0,0.0,0.0,0.0,0.0,0.0,0.0,0.0,0.0,0.0,0.0,0.0,0.0
534,vodka,233,2.306,0.0,0.0,0.0,0.0,0.0,0.0,0.0,0.0,0.0,0.0,0.0,0.0,0.0,0.0,0.0,0.0,0.0
535,wafers,195,4.334,0.144,0.726,0.068,0.0,0.0,0.0,0.0,0.0,0.0,0.0,0.0,0.0,0.0,0.0,0.0,0.0,0.0
536,waffles,337,2.903,0.143,0.327,0.079,0.0,0.0,0.0,0.0,0.0,0.0,0.0,0.0,0.0,0.0,0.0,0.0,0.0,0.0
537,walnuts,124,6.533,0.642,0.139,0.151,0.0,0.0,2.57,0.0,0.00833592534992224,0.0,0.027993779160186624,17.86,0.005598755832037325,0.005552099533437014,0.1104199066874028,0.02222395023328149,643.0,1905338.0
538,water,321,0.0,0.0,0.0,0.0,0.0,0.0,0.0,0.0,0.0,0.0,0.0,0.0,0.0,0.0,0.0,0.0,0.0,0.0
539,water chestnuts,483,0.3,0.001,0.068,0.009,0.0,0.0,0.0,0.0,0.0,0.0,0.0,0.0,0.0,0.0,0.0,0.0,0.0,0.0
540,watermelon,121,0.3,0.002,0.076,0.006,0.0,0.0,0.0,0.0,0.0,0.0,0.0,0.0,0.0,0.0,0.0,0.0,0.0,0.0
541,wheat beer,396,0.43,0.0,0.036,0.005,0.0,0.0,0.0,0.0,0.0,0.0,0.0,0.0,0.0,0.0,0.0,0.0,0.0,0.0
542,wheat berry,514,0.91,0.005,0.191,0.042,0.0,0.0,0.0,0.0,0.0,0.0,0.0,0.0,0.0,0.0,0.0,0.0,0.0,0.0
543,wheat bread,245,2.468,0.033,0.421,0.13,0.0,0.0,0.0,0.0,0.0,0.0,0.0,0.0,0.0,0.0,0.0,0.0,0.0,0.0
544,white beans,542,1.39,0.004,0.251,0.097,0.0,0.0,2.08,0.0,0.0,0.0,3.4352941176470586,14.62,0.05411764705882353,0.0,0.7294117647058823,0.07235294117647059,85.0,2032273.0
545,white bread,334,2.649,0.032,0.489,0.091,0.0,0.0,0.0,0.0,0.0,0.0,0.0,0.0,0.0,0.0,0.0,0.0,0.0,0.0
546,white rice,26,1.3,0.003,0.28,0.027,0.0,0.0,0.0,0.0,0.0,0.0,0.0,0.0,0.0,0.0,0.0,0.0,0.0,0.0
547,white wine,428,0.82,0.0,0.026,0.001,0.0,0.0,0.0,0.0,0.0,0.0,0.0,0.0,0.0,0.0,0.0,0.0,0.0,0.0
548,whole wheat bread,169,2.468,0.033,0.421,0.13,0.0,0.0,0.0,0.0,0.0,0.0,0.0,0.0,0.0,0.0,0.0,0.0,0.0,0.0
549,wild rice,9,1.19,0.004,0.25,0.05,0.0,0.0,0.0,0.0,0.0,0.0,0.0,0.0,0.0,0.0,0.0,0.0,0.0,0.0
550,wine,92,0.85,0.0,0.026,0.001,0.0,0.0,0.0,0.0,0.0,0.0,0.0,0.0,0.0,0.0,0.0,0.0,0.0,0.0
551,wraps,401,3.25,0.071,0.56,0.087,0.0,0.0,0.0,0.0,0.0,0.0,0.0,0.0,0.0,0.0,0.0,0.0,0.0,0.0
552,yam,192,1.241,0.002,0.294,0.016,0.0,0.0,0.0,0.0,0.0,0.0,0.0,0.0,0.0,0.0,0.0,0.0,0.0,0.0
553,yogurt,262,0.589,0.004,0.036,0.1,0.0,0.0,0.0,0.0,0.0,0.0,0.0,0.0,0.0,0.0,0.0,0.0,0.0,0.0
554,zucchini,485,0.15,0.004,0.027,0.011,0.0,0.6,0.44,0.0,0.0,0.0,0.0,4.21,0.05238095238095238,0.15047619047619049,1.0,0.05,21.0,2428955.0
